"NO_ALUNO";"NU_CPF";"CO_CICLO_MATRICULA";"NO_STATUS_MATRICULA"
"gNApHU mwBJPO UtVOtO";"26344111420";"823259";"ABANDONO"
"rUMzOm esjfNj lCLSfg";"55133585331";"823259";"ABANDONO"
"KJWPEL JzkkGL DYgLXY";"96734633127";"823259";"ABANDONO"
"HgJlJj CIiIsb FRiKrs";"70523645172";"823259";"ABANDONO"
"AckSEM fiLTxs ynZNOw";"77371150403";"823259";"ABANDONO"
"sEjrFq KZjiQi uInkeb";"04675108525";"823259";"ABANDONO"
"GHKliT aQxCiT TjPCyY";"61463242392";"823259";"CONCLUÍDA"
"OYqimI dXjmQd oKnEJm";"77159124611";"823259";"DESLIGADO"
"EWzlwO SwUJkO iIreMc";"59925946068";"823259";"CONCLUÍDA"
"ZxovfG ZZFiJX AWsjkC";"06664155941";"823259";"CONCLUÍDA"
"lpvuEQ bqheaL WfReuh";"29064101039";"823259";"CONCLUÍDA"
"vWhZKt FjAZwM VNsIPI";"05469878228";"823259";"CONCLUÍDA"
"hKHagZ UzHrGv ojWGWq";"16227475803";"823259";"DESLIGADO"
"amOeRJ aADAjM aVnsSb";"29368389161";"823259";"ABANDONO"
"kbMlAD XSpeQl tbRuCw";"12364786122";"823259";"ABANDONO"
"yNwxqI HnszUt LPvKpG";"21184045082";"823259";"ABANDONO"
"mhoWVV oZThWs XLDiwA";"55022173830";"823259";"ABANDONO"
"jTrlyJ PdKtUp crjTrs";"04649844559";"823259";"ABANDONO"
"SbaAUp xXEfnd OBqaGt";"14256222447";"823259";"ABANDONO"
"LfBbFq aTxDrc VfbHQp";"02896969947";"823259";"ABANDONO"
"uOpgti SbyeBD TeeqwT";"38475433607";"823259";"ABANDONO"
"DpWSsn USBTPs MAAhpE";"38702877020";"823259";"ABANDONO"
"gPLvuC UtcaPg OaeFlZ";"39226933829";"823259";"ABANDONO"
"rPKBqC ZHBVXf zijpWb";"97598884081";"823259";"ABANDONO"
"kcBNQE gTJPxL TtkLMy";"04066843195";"823259";"ABANDONO"
"BzLaMr YnOPon yYhTAI";"26461038942";"823259";"ABANDONO"
"IAfFZQ RrfODv tgnrPE";"39309890826";"1252033";"CONCLUÍDA"
"BNkoSG Kxdnhj cVzeWN";"01987378154";"1252033";"CONCLUÍDA"
"TrKSAD qJRVNb pukTct";"96694254614";"1252033";"CONCLUÍDA"
"ZOauGy THybBt FwdDvs";"78031400256";"1252033";"CONCLUÍDA"
"LzTobn YuYXNJ DhiVxo";"92834813590";"1252033";"CONCLUÍDA"
"JTVznw TpupnW ievIWK";"17593033214";"1252033";"ABANDONO"
"KCvYFH AEUAbP YNubwO";"81460227767";"1252033";"CONCLUÍDA"
"ALZpeb hfmIBu YhcEBR";"19129253337";"1252033";"CONCLUÍDA"
"WlgdOI tahdzz XcyIHN";"27541949298";"1252033";"DESLIGADO"
"SDtZRd TVXTWY JHDmEu";"87279932713";"1252033";"DESLIGADO"
"SKnfmS XxHdqp NgjWdA";"33462726402";"1252033";"DESLIGADO"
"kPGiOM SORUfH dABOxm";"50907738188";"1252033";"CONCLUÍDA"
"WTqXsG lUBQuL nTIgcc";"67885379666";"1252033";"DESLIGADO"
"oLPHHy BLrgSi drujbH";"01690130051";"1252033";"CONCLUÍDA"
"XFCVPv KcfimH uJsPTC";"16030400819";"1252033";"CONCLUÍDA"
"GKIMLU qazoiu LDjnDq";"00162696334";"1252033";"CONCLUÍDA"
"AydRzS WJLwHf HmQYEq";"42834785547";"1252033";"CONCLUÍDA"
"FOfvIN mWfKna wdbbIS";"14053663355";"1252033";"CONCLUÍDA"
"ELnNVI JdfQYZ pUZCcp";"63070322607";"1252033";"CONCLUÍDA"
"aGkVWR eiFCUi qyNnLe";"76164298567";"1252033";"CONCLUÍDA"
"chFBpw KQSwOE bcjjlh";"55805012130";"1252033";"CONCLUÍDA"
"yDJfeW lUZHWe UmHktz";"32967744958";"1252033";"CONCLUÍDA"
"otVFjV YZeWeX wEoBbT";"89602092375";"1252033";"CONCLUÍDA"
"hRWjsR KSGRlH rHlGis";"52336335980";"1252033";"CONCLUÍDA"
"CYNNuD GKDPnz UPqBds";"95930079406";"1252033";"ABANDONO"
"MqidKZ nvzKuT NLKVew";"31857321567";"1252033";"ABANDONO"
"IOhqJh eIRtWQ rkuSEJ";"12234680106";"1252033";"ABANDONO"
"GZMWob kvnTDB cNxezf";"42813043887";"1252033";"ABANDONO"
"BznoDf aeixfb vyIEps";"60128105667";"1252033";"ABANDONO"
"RexRTV umDTfF cMcuOd";"85751446759";"1252033";"ABANDONO"
"RPeFcm kgMEOT BDPRbA";"33259465312";"1252033";"ABANDONO"
"WMxhyX swDcId ZNoKCB";"83925741265";"1252033";"ABANDONO"
"ShcNWu MDvmcS nBRLkG";"23189176136";"1252033";"ABANDONO"
"BHaume eGKDrq gOLSTT";"16992247676";"1252033";"ABANDONO"
"jfkCjZ oPlZgt iSxksz";"87007580877";"1252033";"ABANDONO"
"cxeOaL hhsjLn UQEpAo";"61177906695";"1252033";"ABANDONO"
"uVJBTW Ixfccp DRNSWo";"18056143302";"1252033";"ABANDONO"
"KTQTUP STrUkE vJAwkF";"68742015952";"1252033";"ABANDONO"
"nSmygm vvtVpV mRCZhs";"77937601133";"1252033";"ABANDONO"
"GxVChn rQKPsu gHXOdF";"44006073506";"1252033";"ABANDONO"
"BYPrlV NWvhrr FgVNXn";"60610916770";"1252033";"ABANDONO"
"yAnXZh CEtssm CkCaGr";"48303443320";"1252033";"ABANDONO"
"VKvfqd Hemntx uMGXBL";"10709695107";"1252033";"ABANDONO"
"hFYvHT PjghZY tDehkQ";"54724057232";"1252033";"ABANDONO"
"fyykyK kIrzvA XyxqBm";"41799186302";"1252033";"ABANDONO"
"cFBBfG nfAIuw MVXfNX";"06165981535";"1252033";"ABANDONO"
"EDinju eVLQrc DbqcDW";"50422574356";"1252033";"ABANDONO"
"nhCENl VeVEld GpIMWK";"20777882051";"1252033";"ABANDONO"
"GtVeGo kWRcvT casfmX";"83521697846";"1252033";"CONCLUÍDA"
"GWjJzW KqJFQY MQhTJW";"37965952600";"1252033";"CONCLUÍDA"
"TIptEW ZPNQxF noUxvy";"70754177940";"1252033";"CONCLUÍDA"
"pxKvFf veNeGh JYuzcu";"80606551041";"1252033";"ABANDONO"
"XaBLjd sjMBNh UxetOP";"19637111920";"1252033";"ABANDONO"
"gcINxD pBwnbt mRNpyt";"53017891759";"1252033";"CONCLUÍDA"
"EDJBWu tSFYYv zqiCRu";"82753017199";"1252033";"CONCLUÍDA"
"eJATUZ YfcFhU YyZGmY";"86619890747";"1252033";"CONCLUÍDA"
"QnqjIN IAybwo luvmiT";"20274372251";"1252033";"CONCLUÍDA"
"NmBseV lfqbPK jYvwTS";"19702193889";"1252033";"CONCLUÍDA"
"alaQPh yNYutL EXosDN";"17287621426";"1252033";"CONCLUÍDA"
"tVEIMF pTCpqr kkjRxm";"88389061747";"1252033";"CONCLUÍDA"
"aRTGAZ AOGHDu IWnKEl";"83262420102";"1252033";"ABANDONO"
"ZCFrET RVtVGW aeJkbY";"77176724689";"1252033";"ABANDONO"
"WxvhFP kOeLJT gSyRmd";"31853850152";"1252033";"ABANDONO"
"LcVWBO vonqWC OTMYGf";"71894977336";"1252033";"ABANDONO"
"cDXUbq gAedeL RBZysD";"73418237129";"1252033";"ABANDONO"
"XTFvST HxufaL QwvSNN";"31444103457";"1252033";"ABANDONO"
"BllQwW XjrqdM JknUEy";"47755645873";"1252033";"ABANDONO"
"towSXW hRLLPQ vNPgXx";"02103467747";"1252033";"ABANDONO"
"EARqLk lGRflt CzMObM";"02367598274";"1252033";"ABANDONO"
"rIzxku ZHuUps dCEpnO";"42143486944";"1252033";"ABANDONO"
"PegscA EfoRds omXacy";"64498579081";"1252033";"ABANDONO"
"SSbuLn fWgHpd kvxnYa";"06897717594";"1252033";"ABANDONO"
"qBXIfa BJnYlG ZzmWsX";"82759262931";"1252033";"ABANDONO"
"MvdsWg MXopjZ gwCzXI";"41169987021";"1252033";"ABANDONO"
"dDaFUq MBtXiv YcQBkp";"30177536587";"1252033";"ABANDONO"
"EFMZtA UDEwJg nqRZyN";"95528440509";"1252033";"ABANDONO"
"LmRnsu BwYcMS xRmdnU";"22418404289";"1252033";"ABANDONO"
"NHoJrL laDyEF SbcskP";"88580786155";"1252033";"ABANDONO"
"IODeug mgqmJn bJAWSD";"36127159679";"1252033";"ABANDONO"
"XjgnGO RtHiuh zeYyJA";"31076894270";"1252033";"ABANDONO"
"luQXbl VGfzMc eLHbBi";"73451261529";"1252033";"DESLIGADO"
"junrlv JxvErA NPWKOU";"64523722963";"1842217";"ABANDONO"
"eFZLBx WvdCLv cUJPpx";"51709209225";"1842217";"ABANDONO"
"mgZKCg fQAiQo lFuMRk";"16750466727";"1842217";"ABANDONO"
"UzoEdQ PpxEzp NZnyvj";"84636422958";"1842217";"ABANDONO"
"hYnnoa gaGvzV aepgHx";"49837630473";"1842217";"ABANDONO"
"KKRQyS XGZYps BrHoOu";"01067276187";"1842217";"ABANDONO"
"hkoPFX MqvWjs pkpvbu";"16598745465";"1842217";"ABANDONO"
"KhzFNP DDZhyE ZCRTtn";"82651160872";"1842217";"ABANDONO"
"QQvNtC vFMOky CwmCiN";"29332627678";"1842217";"ABANDONO"
"zLnbsh sIfCjF FpNiDQ";"65601236621";"1842217";"ABANDONO"
"vKNWxr PoOWLp ZViImq";"00963225671";"1842217";"ABANDONO"
"iHccOT ltgbLI InrTsa";"73564660368";"1842217";"ABANDONO"
"EtfHrF RwaPgH APbVZq";"77808649482";"1842217";"ABANDONO"
"dfATsF qNuega zDMeYC";"24345608304";"1842217";"ABANDONO"
"RkfSsj ZBgrxJ dVottk";"18298738793";"1842217";"ABANDONO"
"bdoEWG ZJHWoz uDGAmb";"61575618420";"1842217";"ABANDONO"
"kbYApE NilAIG CjDWUQ";"46646149683";"1842217";"ABANDONO"
"JKdivZ kIljDB NMQORg";"24365641382";"1842217";"ABANDONO"
"NZOHcj Gtoyhx hnfGNt";"42142435518";"1842217";"ABANDONO"
"aRxYaU xYRphr COSusf";"02111350848";"1842217";"ABANDONO"
"APPvQv vNAVUC tpYtmX";"75162768512";"1842217";"ABANDONO"
"chQOEz RsgCqB CBdedO";"46559396319";"1842217";"CONCLUÍDA"
"Bcumqk aNOVZM NmzEwS";"54381125483";"1842217";"CONCLUÍDA"
"dqwyaU DgiEWs YVVvBk";"71885321427";"1842217";"DESLIGADO"
"cgJdNK SkSHxQ uYGqFy";"60903426643";"1842217";"INTEGRALIZADA"
"QgYrDD GTkXsx cFmrsQ";"26509728928";"1842217";"INTEGRALIZADA"
"hslfnO JMkkvj oiTUkn";"18274459524";"1842217";"INTEGRALIZADA"
"DzFszL GEmFZZ dLMnmG";"51896372422";"1842217";"INTEGRALIZADA"
"NfxMXL FvzGia NCdkTB";"54197945109";"1842217";"CONCLUÍDA"
"rlUBOd POeLrc IrrIEZ";"74303502654";"1842217";"CONCLUÍDA"
"cqIZET mRgHCj DXAUed";"17955754079";"1842217";"ABANDONO"
"tKmtfp JFpgps ESHXuy";"80169988748";"1842217";"ABANDONO"
"wVTDUU tBUtCZ byRAzf";"88064455492";"1842217";"ABANDONO"
"shvQrd sqjBOF qkTmFJ";"71975878712";"1842217";"ABANDONO"
"ZwktHY woogNI wjJyRm";"55363508453";"1842217";"ABANDONO"
"IcPcfG EfBKOD oiGrKx";"01347035230";"1842217";"ABANDONO"
"daXFOv dWEFXP AqiPmP";"73660547586";"1842217";"ABANDONO"
"rbYeVA vvSDmF qCNxYZ";"30539793873";"1842217";"ABANDONO"
"Fyxmkq TIsPbP kthNYm";"86900753174";"1842217";"ABANDONO"
"kkAwBO gElAHk lGnxlS";"24411275647";"1842217";"ABANDONO"
"KHwwpp spYsrK fRRxmV";"77483635502";"1842217";"ABANDONO"
"skowkR MKHJxc ecGoRd";"90675828230";"1842217";"ABANDONO"
"iYeAwf gGbqDU wvUpSB";"77606120218";"1842217";"ABANDONO"
"VQUnDE deCwzl MPCOFK";"18501006779";"1842217";"ABANDONO"
"JtTsDJ EhdUUX kxkwOg";"65763707873";"1842217";"ABANDONO"
"fmFJHL ddHDsC AzIZva";"64805181773";"1842217";"DESLIGADO"
"QvfNxq RcdXrs UouNLv";"69837176654";"1842217";"DESLIGADO"
"FxWiov cGoUfr DVSbei";"39957075840";"1842217";"CONCLUÍDA"
"CPrJuu EaWlSx SsYXOb";"53341401838";"1842217";"CONCLUÍDA"
"JgVvZG aQXJss kdIIWs";"61176216947";"1842217";"CONCLUÍDA"
"LwBBLL XeHqME MrQzcQ";"42083974830";"1842217";"CONCLUÍDA"
"JjuXMH JrrYRa cYsPop";"93856250040";"1842217";"CONCLUÍDA"
"liLsmu TPonMx CGTAFy";"02621997579";"1842217";"CONCLUÍDA"
"sRXMRH xdfsdm cgPNoc";"11747232361";"1842217";"CONCLUÍDA"
"IRHHKd Wllmhs nXIeyd";"40000629363";"1842217";"ABANDONO"
"lLQHcR qNehUc mQtIOi";"14256088726";"1842217";"ABANDONO"
"dDPUYL oFiLpi lYlEne";"30349646888";"1842217";"ABANDONO"
"IRuoJx zqDMdC vtPdVY";"58360967514";"1842217";"CONCLUÍDA"
"JyLfBH loasXY hbluXz";"69527394353";"1842217";"CONCLUÍDA"
"AhcXas abFcDj CmKUGb";"99436725957";"1842217";"CONCLUÍDA"
"fFNErp DWiyeg HpeexC";"54528385096";"1842217";"CONCLUÍDA"
"ZiwcTl naaBHC feJAtk";"40462410134";"1842217";"CONCLUÍDA"
"oYPltt IGLCmO HYgyZb";"45907732166";"1842217";"ABANDONO"
"nfKfBP QUEtob tXUkqP";"12181674308";"1842217";"ABANDONO"
"BaHQlo KzvkqF RPzjpz";"52119949135";"1842217";"ABANDONO"
"ivsaDx ZNdaRK LFhaKl";"83131599255";"1842217";"ABANDONO"
"DPykug IsrTwX MvcXqn";"50725497744";"1842217";"ABANDONO"
"FPdopQ sfGiDF OJfwfy";"75686200153";"1842217";"ABANDONO"
"IGfZLn HpjdtS dtHxuD";"22362364417";"1842217";"ABANDONO"
"WWVAWa IjjmNz KWUvSx";"27970261455";"1842217";"ABANDONO"
"TtTBXu zuyTWx DgeIgY";"52557530955";"1842217";"ABANDONO"
"VjtHyy ZOuwwu orjrKV";"53200805509";"1842217";"ABANDONO"
"ljUQBI fuOUwr UghjNP";"85673410619";"1842217";"ABANDONO"
"wOegjh wByNCN OvpDXl";"16140954059";"1842217";"INTEGRALIZADA"
"njLGvF asIPbt AxvgKX";"56909988586";"1842217";"CONCLUÍDA"
"fsWWNJ TdyUdU jzBuFl";"86009360349";"1849131";"EM_CURSO"
"AbuMRI UloRPq XnfffH";"94415910704";"1849131";"DESLIGADO"
"tafPep wsDqOv YebrbW";"17090921199";"1849131";"CONCLUÍDA"
"dtaNAw VHcLdD dnczRn";"05209684693";"1849131";"CONCLUÍDA"
"YDDIOB ksFcvr ZNRiIB";"07902054098";"1849131";"CONCLUÍDA"
"AIJpXF KbRADs Tchawc";"10973761052";"1849131";"CONCLUÍDA"
"ADZaUP zIlHFh qXjYYm";"17538293658";"1849131";"CONCLUÍDA"
"rByvQI OMnYGN tmzfpA";"32232214011";"1849131";"CONCLUÍDA"
"QohDpk tYYhnk bJhCpj";"84157040578";"1849131";"CONCLUÍDA"
"YFjpfC SKpvuL QzgFNI";"11539448236";"1849131";"CONCLUÍDA"
"YhYsmm aktiUW kBIKid";"96292653999";"1849131";"EM_CURSO"
"yIKDUJ lOrVqA JGSvcI";"36008429412";"1849131";"ABANDONO"
"GeHsIw CmJzFG XfxhWO";"53166085816";"1849131";"ABANDONO"
"dZQash yyCDDq zhSVBm";"75237837693";"1849131";"ABANDONO"
"dvWNfP NBCBiH Zwkcoc";"72999820317";"1849131";"ABANDONO"
"BPCaPO XOSZxI dGMcSV";"76451469041";"1849131";"CONCLUÍDA"
"OlUEwD ZDmdJP tSnQVZ";"51847143427";"1849131";"CONCLUÍDA"
"pBqAyo EuIqZC gLwGFn";"17464785517";"1849131";"CONCLUÍDA"
"cqNAKF NgcsEt NonGUy";"22099986657";"1849131";"CONCLUÍDA"
"qEjZZC hkknOc cSTlDY";"40326834396";"1849131";"CONCLUÍDA"
"xFHzma KHKGWP BSWhDB";"26208221138";"1849131";"CONCLUÍDA"
"sjIuAo lEpkpI EwxXNg";"63634538114";"1849131";"CONCLUÍDA"
"xKoFDk ORsRUY FSiYkJ";"26219569278";"1849131";"ABANDONO"
"tDEaAa izLyiy DfxESK";"93353712333";"1849131";"ABANDONO"
"yzYQju cASYam ToPQWw";"79064197586";"1849131";"ABANDONO"
"mQqcfo eaZkCh plHVms";"67679595021";"1849131";"ABANDONO"
"jdjGTW eMBFgr QqBMHm";"67490451683";"1849131";"ABANDONO"
"TMwPIT KvLAGx uHQSWR";"40109256900";"1849131";"ABANDONO"
"KnMkfU lOTKJe uVSfAm";"72408774058";"1849131";"ABANDONO"
"cvwbVI Vlqrbl BFdudC";"87930659112";"1849131";"ABANDONO"
"qKridQ Yjhlwd NDsjUK";"19268992886";"1849131";"ABANDONO"
"MHpDOz vHLqHQ irHupj";"54103675797";"1849131";"ABANDONO"
"pecnpB cglgQy DGJbyi";"73856696562";"1849131";"ABANDONO"
"WJabrP mcRpIm ekkxrM";"26832002377";"1849131";"ABANDONO"
"pYsVdZ DEUHQp hDtxiQ";"26002469863";"1849131";"ABANDONO"
"yIdJQE ZHhmVR DYkzDl";"79624935344";"1849131";"ABANDONO"
"PfUwTa PZEKdo DRfygV";"77203892537";"1849131";"ABANDONO"
"WKJzNt sySAtt AWaOAr";"04164309921";"1849131";"ABANDONO"
"wgmNLZ cXGISb ZqiPLW";"53000586401";"1849131";"ABANDONO"
"llzVlY drEiIh UavMlO";"51034709274";"1849131";"ABANDONO"
"kVBYRf fJMeVd KEOKBP";"27845126904";"1849131";"ABANDONO"
"QOjwqD tNbkHJ Oeuaai";"57758986681";"1849131";"CONCLUÍDA"
"pslRZu wgxzBO hLvusW";"53337121566";"1849131";"ABANDONO"
"tgVPHE NuiibF dAbDsu";"57016214925";"1849131";"ABANDONO"
"UTfKTW jJtNkK RVYjSb";"24078436113";"1849131";"ABANDONO"
"HFakIP JbVZvo bWJhED";"38727869686";"1849131";"ABANDONO"
"aUGlee GEcuhM LPbTXh";"01284398788";"1849131";"ABANDONO"
"SDmFsg uCyMWe lsJGJH";"44365619550";"1849131";"ABANDONO"
"HxfTjp TmXsRQ VzzamV";"15829128452";"1849131";"ABANDONO"
"baBvpR AXwVxk kzMfKP";"49691725774";"1849131";"CONCLUÍDA"
"iApyUs SWSyQG fJMSkQ";"73368980843";"1849131";"CONCLUÍDA"
"WpXsOp ECknOZ TrnYWC";"89877229530";"1849131";"ABANDONO"
"YSihWR rKiJOv LvCTqQ";"36264418265";"1849131";"ABANDONO"
"RmoAyo RNUrvF Shnzip";"02177693488";"1849131";"ABANDONO"
"FHRhUE aZafYk UAafQy";"91854880133";"1849131";"ABANDONO"
"eocfqY AKKbGM qiXNoZ";"30883509951";"1849131";"ABANDONO"
"kGydcx MagrmS PQduRF";"42839127432";"1849131";"ABANDONO"
"eetagN coKbLs ilFNzJ";"09462871484";"1849131";"ABANDONO"
"MkyflI Qosrxx VWYOBU";"21133289441";"1849131";"ABANDONO"
"AvFNlw rVgYtd itfzYu";"32009640178";"1849131";"ABANDONO"
"scXjfD BhZxSY eJgrRA";"16201822362";"1849131";"ABANDONO"
"XCJHAy ZBWyPL FlYTGZ";"47685990980";"1849131";"ABANDONO"
"dUJegQ kRDbOS YBtHtx";"13206778317";"1849131";"ABANDONO"
"eZejgB lHODXs oFHVMV";"06226785787";"1849131";"ABANDONO"
"jfLLzt AZlpwt ELgjcA";"30993531763";"1849131";"ABANDONO"
"nftZcT MLRTEe TaOleS";"13446930148";"1849131";"ABANDONO"
"iuUVxF Dlymfn lcQqeW";"90777731853";"1849131";"ABANDONO"
"eCMotW qKDLrO uSgKAX";"28011185939";"1849131";"ABANDONO"
"WPeymM PmjCgS BRrsmz";"03977117662";"1849131";"ABANDONO"
"OXFJsv AxyfOf tDwDrY";"81360912755";"1849131";"ABANDONO"
"JeWfei ewGCLj askjaB";"31468745944";"1849131";"ABANDONO"
"fjgftM sKktWD DZECGz";"76828637988";"1849131";"ABANDONO"
"IONlnQ xqaeNi gWImgh";"47137139768";"1849131";"ABANDONO"
"TPolfA hBtVQr ComyJl";"85057907244";"1849131";"ABANDONO"
"uZZwuy yfTCuT ymGKYD";"86916424772";"1849131";"ABANDONO"
"mouQRu GkemQT MoACQK";"91814407060";"1849131";"ABANDONO"
"hyCpEZ FzwkLB cZRvzO";"89657318083";"1849131";"ABANDONO"
"xmWlhz OliAfq ZCXzLL";"25501427230";"1849131";"ABANDONO"
"oQuuDD PDnLxD nJFexn";"07784174832";"1849131";"ABANDONO"
"AJqFXQ lmGtwD xJnKol";"76839653946";"1849131";"ABANDONO"
"tJtLRG zUEiKh TYKOOn";"05401330930";"1849131";"ABANDONO"
"ylndea YhUaze VhNAze";"97189384802";"1938722";"CONCLUÍDA"
"SorliS vXgmGK uIptFc";"17722548065";"1938722";"CONCLUÍDA"
"wHHlTj jboBgX jImfQu";"23350055119";"1938722";"ABANDONO"
"NOLsQN eSmEvl ynfCyH";"82635579798";"1938722";"ABANDONO"
"TzRlNW cArALr BjnFdS";"58935027790";"1938722";"ABANDONO"
"wDJRoo dDxZIu NgYMHr";"74841794852";"1938722";"ABANDONO"
"wigmIN hZWBMP yCCmIi";"96461809567";"1938722";"ABANDONO"
"XAbofe DnvYBg NKJiaY";"66270793795";"1938722";"ABANDONO"
"iWMpxh oWFTHF dMqvYF";"56842203716";"1938722";"ABANDONO"
"iFUsgM uODAjO zmvnyk";"51152795456";"1938722";"ABANDONO"
"dycnNg giJxlb bQzBQc";"72287468743";"1938722";"ABANDONO"
"HZtFUm WcAhfI wUifrU";"03304880690";"1938722";"ABANDONO"
"oiUWQh cCYlEt maHZwv";"59478358466";"1938722";"ABANDONO"
"XXsyQF ZQvxJI yxjzNW";"53892843990";"1938722";"ABANDONO"
"WpcnSP mznlWA rlLPea";"41675768003";"1938722";"ABANDONO"
"ShoWaE hLdnJo jTdcqE";"50339987682";"1938722";"ABANDONO"
"ZIOaIH OdYDQn htecAg";"65219086341";"1938722";"ABANDONO"
"tRyEjF DlFPoh KQGZrf";"27177280506";"1938722";"DESLIGADO"
"gtuIlg kdZyRb HzdhTF";"66649407638";"1938722";"ABANDONO"
"uqWxCe MhUQRL qLERzu";"03754079771";"1938722";"ABANDONO"
"MxcOcj EcpAZg mpOFJS";"74673983344";"1938722";"INTEGRALIZADA"
"leJdJu akZgnC riyGOG";"46815960637";"1938722";"EM_CURSO"
"pZOzdG jZnRiD YjWpdc";"30814774642";"1938722";"CONCLUÍDA"
"ZZINHI QFZoha xJgCvX";"20008752541";"1938722";"CONCLUÍDA"
"BSJugZ KMHjMA mesLVQ";"91119379894";"1938722";"ABANDONO"
"fgElSj SeSbeU LQlEbX";"11585563188";"1938722";"ABANDONO"
"CRvCds TZzpLn kTUtwm";"20856249546";"1938722";"CONCLUÍDA"
"AAkZbi jvuLIV eIEuln";"52908001816";"1938722";"CONCLUÍDA"
"IJkdOs eoeEHk noBzLB";"62814405342";"1938722";"INTEGRALIZADA"
"OYDbua DOzptm HdjkPt";"85496703800";"1938722";"INTEGRALIZADA"
"EqqqSU vYkSTh xSRmUh";"22328319978";"1938722";"INTEGRALIZADA"
"HnVNeB uxFCeD vpiZSO";"64656426700";"1938722";"INTEGRALIZADA"
"YIoQBj dYIkKg nMuamm";"28157278108";"1938722";"INTEGRALIZADA"
"XXgqVB ytBSyG UJmIyz";"79356699441";"1938722";"CONCLUÍDA"
"aXELJG XwdZHm suqOoz";"89620274724";"1938722";"ABANDONO"
"PtJleS aVmdKd ZZuHLq";"26990680626";"1938722";"INTEGRALIZADA"
"MYlEpw oexDQj ukeLyC";"76938379595";"1938722";"CONCLUÍDA"
"OQqSMG avhvBE xjTjIZ";"91766939109";"1965103";"CONCLUÍDA"
"SJLuZV UMLYjO CGTpVu";"85028194062";"1965103";"CONCLUÍDA"
"zvWwRF UnaPKB XKpkWt";"97339873036";"1965103";"CONCLUÍDA"
"Gloriz uVUyrL zyoRGl";"03651168396";"1965103";"CONCLUÍDA"
"Pnzrar hcieGt wkZWmf";"52177896445";"1965103";"CONCLUÍDA"
"rQuKkH bDSRJj nRPvtN";"25837552547";"1965103";"CONCLUÍDA"
"tlJeNP llqzZn DjgoMx";"50648328852";"1965103";"EM_CURSO"
"pgRZgd MJjYJk BxCzPR";"97558161150";"1965103";"INTEGRALIZADA"
"yKeGUF lYpfpA ULhpMn";"53473467950";"1965103";"INTEGRALIZADA"
"TscyTX VBBQqS AruHNK";"62261206728";"1965103";"ABANDONO"
"KQIlnX wXqAIi GqhuFK";"08328870600";"1965103";"ABANDONO"
"zHioUH HAhGTd MnkYoJ";"59007747617";"1965103";"ABANDONO"
"pBniST FKZJru SuIjxi";"97338008766";"1965103";"ABANDONO"
"foxBvJ XsMgBg MbGYTy";"72094707255";"1965103";"ABANDONO"
"YUiVcF BbzuyX OgkTPw";"14954895169";"1965103";"ABANDONO"
"UbrBwO xtfOqh sshuGk";"89171823758";"1965103";"ABANDONO"
"noxZRM erFzyv wcfNKA";"33752170578";"1965103";"ABANDONO"
"sdqVuw ZLLRqR PTeOPR";"71752060625";"1965103";"CONCLUÍDA"
"abVTbR EwpdTk LpnnhW";"36354749268";"1965103";"ABANDONO"
"dZVRlp qrYkvE JNpfJY";"13058449413";"1965103";"EM_CURSO"
"PaXczY HhKNVO ObZEbC";"28320902474";"1965103";"INTEGRALIZADA"
"wsFAbB PktorA zTWmDL";"48755018435";"1965103";"DESLIGADO"
"CxFxTS RHYfCe AhAqPg";"06463199157";"1965103";"DESLIGADO"
"qNnoCg WLKmSp oyvIeY";"93763746988";"1965103";"DESLIGADO"
"KXFnNV vKYYZP LNufRB";"80677509461";"1965103";"CONCLUÍDA"
"WHLOOO NmanzD ohGCXY";"30749280797";"1965103";"INTEGRALIZADA"
"HOPYES gWtUXK nWqvIs";"07178175389";"1965103";"INTEGRALIZADA"
"SOeBnh bOQydd bydWij";"85724832371";"1965103";"EM_CURSO"
"mkpTRc CpvOZH BJZGEc";"64676004416";"1965103";"INTEGRALIZADA"
"hcvFvc IBkzef FMuKpK";"35768597571";"1965103";"CONCLUÍDA"
"EpseNv EKLJRf axnwBJ";"48822003892";"1965103";"ABANDONO"
"ZGePrj UKYhMp aGJkhP";"81277073476";"1965103";"CONCLUÍDA"
"mBMitX WEdyZW tHXnGo";"82471200091";"1965103";"DESLIGADO"
"MAhMot cYTzAb vfARir";"97811278533";"1965103";"ABANDONO"
"GtLKQg oRWmbS AeNaSI";"48917546727";"1965103";"ABANDONO"
"uVSLHv PdHGjs yBxAuF";"72031597502";"1965103";"ABANDONO"
"HoHXVt CYsRGY NSDjKL";"13324454057";"1965103";"ABANDONO"
"dBIbtl fLaZzV dVUPNH";"77028996293";"1965103";"CONCLUÍDA"
"oDvQgO URaJSh xIfXQO";"64500301729";"1965103";"CONCLUÍDA"
"WYRCsQ kSpneb NCuhOU";"84848539363";"1965103";"INTEGRALIZADA"
"Xtttlp pwrYaV sHBZIQ";"03420576689";"1965103";"INTEGRALIZADA"
"LRYdLm hROdwR eBPVMO";"75267408234";"1965103";"INTEGRALIZADA"
"kQzFRQ KiGFYQ SFJhuS";"20681499843";"1965103";"INTEGRALIZADA"
"vnxbGO WDHSIi QOSazX";"68038515727";"1965103";"INTEGRALIZADA"
"EKzDVa KlWeIx BqhqpQ";"52622378560";"1965103";"INTEGRALIZADA"
"rNogAu NOmpzF HoFeXU";"27916485170";"1965103";"INTEGRALIZADA"
"vlVHRE cluJjR mPUVrE";"57502854756";"1965103";"INTEGRALIZADA"
"NHRFSJ VwXwRI YKovmR";"60193971585";"1965103";"INTEGRALIZADA"
"ZEDlTp EOSqjR ZyPRQr";"00197286576";"1965103";"INTEGRALIZADA"
"jRzcUo eiDpVI jOKQWJ";"69509772909";"1965103";"INTEGRALIZADA"
"pNFUwJ pDCEIM ZJLdeF";"29174513034";"1965103";"INTEGRALIZADA"
"gRxhON VPUCwq uaCJOV";"52189806790";"1965103";"ABANDONO"
"XkGRye jWsdNT XMKQOP";"82738137479";"1965103";"ABANDONO"
"GtgjrA tHNdnR opARMI";"61959714205";"1965103";"CONCLUÍDA"
"pqysqn hGbMmJ krBzbw";"62265451029";"1965103";"CONCLUÍDA"
"AILUNi aASagL QjJwSe";"79902226578";"1965103";"CONCLUÍDA"
"ojXSVK uRwYoD MkSoly";"46682504921";"1965103";"CONCLUÍDA"
"fucwit ZBheGr dJTInm";"22733338007";"1965103";"CONCLUÍDA"
"CXaeAO StdNRd qNkXEy";"82720985721";"1980940";"CONCLUÍDA"
"DziCzo YVZcVN mSSrzh";"18723172314";"1980940";"CONCLUÍDA"
"yJxGnO NFVpSf MIBqjc";"16458304718";"1980940";"CONCLUÍDA"
"eFogEt IORHQA qtImNj";"53162145611";"1980940";"CONCLUÍDA"
"dEChUG AbpUWN LblzUq";"16709958338";"1980940";"CONCLUÍDA"
"WDHDUF idGcgC nIkWaZ";"02371505726";"1980940";"CONCLUÍDA"
"ZrPFJo iiwfAA UNJAmU";"21033428560";"1980940";"CONCLUÍDA"
"CgMogo RBfnaW VVpxSu";"32220321283";"1980940";"CONCLUÍDA"
"jgNphf BBIbMF oGJGzM";"57553993469";"1980940";"CONCLUÍDA"
"wCeoyA iIqfIB YMrGRM";"45437428479";"1980940";"CONCLUÍDA"
"Nqrhet qUVfdP fSzIAo";"37154814382";"1980940";"CONCLUÍDA"
"wqcuSC JuCyBL bwCwbX";"90871327478";"1980940";"CONCLUÍDA"
"uWrxla geyXIf jqmHBm";"16606904706";"1980940";"CONCLUÍDA"
"HtiQTk auDZzw skoGlE";"93605302464";"1980940";"CONCLUÍDA"
"Okvblr bxfqXA NrMAHj";"60026455324";"1980940";"CONCLUÍDA"
"cDACTV DHzVhE yxuLdA";"84438701764";"1980940";"INTEGRALIZADA"
"OQGYxH bAsixu iCXtRQ";"39401558415";"1980940";"INTEGRALIZADA"
"KKCcEY PtwhFO eUhBYz";"51976264725";"1980940";"INTEGRALIZADA"
"vNWkxq FyNaqQ eeOPBw";"24500938400";"1980940";"INTEGRALIZADA"
"DKpNoj cTOBEm YRixxX";"79040944090";"1980940";"ABANDONO"
"LBArMW jcqhCt ISmTnT";"30378480673";"1980940";"ABANDONO"
"QiptBn wxwUur YYhSAC";"06625869286";"1980940";"DESLIGADO"
"hxImCu Nsiyyg ebrFIu";"42598414983";"1980940";"DESLIGADO"
"dSGdtF goBAmY JohwnZ";"48325444384";"1980940";"DESLIGADO"
"uoQFAd GlXPLB LbzkfH";"25196887475";"1980940";"DESLIGADO"
"EFNiHG PTvKNd PGJdmo";"68445348045";"1980940";"DESLIGADO"
"UiqaKe LqOKQi PLJtur";"12425466261";"1980940";"DESLIGADO"
"VkLElw dSxAxi mgOVaM";"36723815755";"1980940";"DESLIGADO"
"RorXpH ZfBqSb evYtLs";"42487811594";"1980940";"DESLIGADO"
"KorEpK xKtaAW whMUFR";"21625517059";"1980940";"DESLIGADO"
"uNGsrh qEtzEB wxZYfj";"40367192793";"1980940";"DESLIGADO"
"fZMTlE mNpzfc gmbdHd";"86210028768";"1980940";"DESLIGADO"
"okFTfG FaVWsQ hTuiVT";"33004493314";"1980940";"DESLIGADO"
"JdDXtF cRJEjL yWhtUi";"60977473940";"1980940";"DESLIGADO"
"omSeZd ekaOPg Kmwupx";"65915480408";"1980940";"DESLIGADO"
"wrAlLu hrCcrq RRiTMD";"71036764922";"1980940";"EM_CURSO"
"BGlKXa emHfuP imRKrA";"11725387552";"1980940";"EM_CURSO"
"bKFgHM SvUglX zuZUGy";"21631653500";"1980940";"DESLIGADO"
"avLJgZ SsNDpI OCjXgh";"04301632621";"1980940";"EM_CURSO"
"pBniST FKZJru SuIjxi";"97338008766";"1980940";"ABANDONO"
"QOLtvK lnGxYp KGrpfT";"64343578321";"1980940";"ABANDONO"
"agYNoK qqOylu WcsmAd";"77949039776";"1980940";"DESLIGADO"
"RodQgu MzdPug iQkYDc";"68093306167";"1980940";"DESLIGADO"
"hTKHUb REKrGh lWDmjq";"65087595383";"1980940";"DESLIGADO"
"SvQbZe nVvStS TyYpVe";"35951075634";"1980940";"DESLIGADO"
"uRnGmZ vrKCyC ZIdiGK";"84515743433";"1980940";"EM_CURSO"
"feGppz zBWOmC NkDBNt";"92749298675";"1980940";"EM_CURSO"
"zXLQuj CzRlgg zsItWw";"02245008918";"1980940";"INTEGRALIZADA"
"EJVLLr ZOGiwZ JmYLfv";"99150176877";"1980940";"INTEGRALIZADA"
"dwgNUA abCvst GdYmqs";"01361455155";"1980940";"EM_CURSO"
"qkhNPZ ctnfLE xjVaCa";"89589726661";"1980940";"EM_CURSO"
"VxFKUu NhNZiP VPnpUF";"07742860718";"1980940";"ABANDONO"
"BBaFnD fHSWEB MYjZEJ";"69593956655";"1980940";"ABANDONO"
"FTWyrI NTMSVs DzzkdE";"73548267222";"1980940";"EM_CURSO"
"tpVnji bVtBzk vrAeLv";"16728222540";"1980940";"EM_CURSO"
"dMejkS hMYEgk vbIcFF";"87090404155";"1980940";"EM_CURSO"
"bjjqUH QfaBGN TpPaXz";"56787942436";"1980940";"ABANDONO"
"WCHvme DpmxUL VDJbwr";"53981852429";"1980940";"ABANDONO"
"UzBvLR OPlUBg VJuqeC";"07413748611";"1980940";"ABANDONO"
"oQNeLL fQYctM MtgVoJ";"71770432857";"1980940";"ABANDONO"
"XvHxIK gYLOwR mersOo";"66198069546";"1980940";"DESLIGADO"
"xoYqXz agaPRY KPQcOf";"17010037543";"1980940";"INTEGRALIZADA"
"kGOias hJsGfG JnAjiy";"36695132095";"1980940";"INTEGRALIZADA"
"tPRlOB cxssaM pHhoFC";"88674438532";"1980940";"INTEGRALIZADA"
"HvkYCL IxPAkm fmDdPW";"02678551542";"1980940";"INTEGRALIZADA"
"cMHUDl wsxrUx EpHUzf";"91382410911";"1980940";"INTEGRALIZADA"
"iKOPqz MQTSvA jgHOvO";"39236195211";"1980940";"INTEGRALIZADA"
"Erxkoy JwDrbm sBGupM";"34034911728";"1980940";"INTEGRALIZADA"
"FWwgnc UqYRWw OiJuNH";"42378169183";"1980940";"INTEGRALIZADA"
"eSOKab IcMCaW eMtCzf";"98388435564";"1980940";"ABANDONO"
"fktFjb sYnDSY fFuotS";"56389008651";"1980940";"CONCLUÍDA"
"eWwiIB GLQVeZ GlunKV";"20603868665";"1980940";"CONCLUÍDA"
"qyaFZr YfOJFE OtXdiY";"77921316206";"1980940";"CONCLUÍDA"
"GqrgNx ZKaLkw rFHATN";"36546443290";"1980940";"CONCLUÍDA"
"xYsWda oAXAAf iRTQkV";"45369225072";"1980940";"INTEGRALIZADA"
"kBUCpf jFazpi iixSct";"44046175432";"1980940";"INTEGRALIZADA"
"bbNSEN HWOCxj udxexx";"12209136987";"1980940";"INTEGRALIZADA"
"KJTndB mCJhuz VKqTmu";"41828079765";"1980940";"INTEGRALIZADA"
"PRmxuj pZWlBI YZVPNu";"66464175751";"1980940";"INTEGRALIZADA"
"rxaVEn nMxWNI ALYNxv";"71003525643";"368537";"ABANDONO"
"nAFMqg pTaIGY knhcax";"15464172097";"368537";"CONCLUÍDA"
"ZrBajZ ZoHKvv OALupQ";"95536827913";"368537";"DESLIGADO"
"aWOgvW fVnRWc mIJBkt";"63024265702";"368537";"CONCLUÍDA"
"rRpdOs zUhCNS sYbDHV";"29533865480";"368537";"ABANDONO"
"hiKnBO JrLqFN zobRWh";"44785277180";"368537";"ABANDONO"
"EggLRH NaKnae vAJnMu";"18133931032";"368537";"CONCLUÍDA"
"LWapQv Tnczuv qmKLLt";"56596271831";"368537";"CONCLUÍDA"
"huydKi NLFOyl UaUNvJ";"21393821380";"368537";"CONCLUÍDA"
"COIYfa BDFFdK gjqncv";"27794196411";"368537";"CONCLUÍDA"
"iSxxwO IGcjgk qfxydU";"87586762633";"368537";"CONCLUÍDA"
"CFtXkw xelCbH naKpDw";"71294026739";"368537";"ABANDONO"
"Vxxqco ispTso TorAbn";"11401107524";"368537";"ABANDONO"
"JnSWtO wNckKW FWQNDL";"61351912006";"368537";"ABANDONO"
"MZDsAh WHFAms FipRig";"87412305438";"368537";"ABANDONO"
"yADLAl AQFGKi dKMUWx";"77328964733";"368537";"ABANDONO"
"clrdGU kdSudE oYSuwl";"54245652384";"368537";"ABANDONO"
"RpoaLn GEbOEs zFOIOb";"70894284371";"368537";"ABANDONO"
"ySaoMO erMsRQ DbABSM";"13657400813";"368537";"ABANDONO"
"nWhYLw pzNsKK fZhpoY";"01610594235";"368537";"ABANDONO"
"AqgEMo hoHreY WNvixp";"67809271088";"368537";"ABANDONO"
"WBchEB IFsfPP SDoqaW";"06954147523";"368537";"ABANDONO"
"HCPBXj RPnBai oPSnGn";"49013343433";"368537";"ABANDONO"
"yhipXr nalovX QJeSWf";"73477322944";"368537";"ABANDONO"
"NGxSHe HaLtwC YMhdcV";"19622459875";"368537";"ABANDONO"
"vKUhZK ZuLfJU eZAsdO";"01950709324";"368537";"ABANDONO"
"JIMswp VVxenN RdWEjv";"43076875344";"368537";"ABANDONO"
"FAHyky XTLurk IIUmRX";"30634154706";"368537";"ABANDONO"
"UOvxaW JPbumR iuLBap";"83883741568";"368537";"ABANDONO"
"HFJUid lPnrVQ xwmjNE";"45579245274";"368537";"ABANDONO"
"DIKObA zTBxAD xszByV";"38499064990";"368537";"ABANDONO"
"brAKUb YsHGpG OsbVIa";"20663888829";"368537";"ABANDONO"
"SiJNUE kseROo CGpxbR";"52262986143";"368537";"ABANDONO"
"zTEIlI NfwAnK CulDJJ";"15414020699";"368537";"ABANDONO"
"GfkiZg IBBAhL FsnonD";"23258069185";"368537";"ABANDONO"
"bawSLy gLBxhL Dvnyty";"57963326024";"368537";"ABANDONO"
"jOoSKl AzoyZx UoGtXx";"76083725112";"368537";"DESLIGADO"
"pRdAVF zIRXut PMFgZm";"05504864502";"368537";"ABANDONO"
"ZbDmvJ zqNSJr QAzbTl";"36676073032";"368537";"ABANDONO"
"GVoMtm ksQnvF xRbWFj";"63054703561";"368537";"ABANDONO"
"ODkwsQ iWvFed lSrXes";"40652399457";"368537";"ABANDONO"
"bOKnzt RFuuDn TNLjHQ";"65044363654";"368537";"ABANDONO"
"zXBuaI XqCERB myntIS";"24187012020";"368537";"ABANDONO"
"RYKBIQ BaUMvq YiIZmx";"13562675739";"368537";"ABANDONO"
"iEkrxR jiTliE bDgSRO";"78126128321";"368537";"ABANDONO"
"mdRUpO xBBlqK sPOlnP";"37318488575";"368537";"ABANDONO"
"wvrKXi vizfEv zfyvLH";"82957417618";"368537";"ABANDONO"
"fKcUyZ fgvOjS nSIcVf";"36222973083";"368537";"ABANDONO"
"kDfXEQ AxwxJN kFMpkg";"00427762396";"368537";"ABANDONO"
"UnUxeV yyjiMS TuLxbc";"68374378313";"368537";"ABANDONO"
"QEtAmo KUUVZV wyKhwB";"39152239807";"368537";"ABANDONO"
"fwlNfJ UMELst MtzRGW";"39037599945";"368537";"ABANDONO"
"RgMPqD ccnTKO FHlFTY";"41376082853";"368537";"ABANDONO"
"zQmsLI HUeUeS rcJgPV";"74311165702";"368537";"ABANDONO"
"zcLlxS IVzGGQ ByQezU";"04414229302";"368537";"CONCLUÍDA"
"eYUvDN jemWTi TbVgqd";"98943169183";"368537";"CONCLUÍDA"
"LHoMeV VzyJzS winfjH";"33275196519";"368537";"CONCLUÍDA"
"DOnJqK EcoEtU NrODVc";"59112995456";"368537";"CONCLUÍDA"
"RhnEhP cWxBUB YuFqde";"68519437768";"368537";"CONCLUÍDA"
"nEQXds rDkVwk tufORr";"82022175779";"368537";"CONCLUÍDA"
"yvxBtv wduhYW pCEsBt";"79877528478";"368537";"ABANDONO"
"DuKzUO yeoSpE fCQuFw";"37621828613";"368537";"CONCLUÍDA"
"sQVfrT DWnhaX sWHaEw";"38255597780";"368537";"CONCLUÍDA"
"mxYbJB bPdeXz zbGiNv";"31966894988";"368537";"CONCLUÍDA"
"dPrVpy iSTJtv UwiFJM";"40119172663";"368537";"CONCLUÍDA"
"qsMOyc CTQvmj tiiCfA";"73565580665";"368537";"CONCLUÍDA"
"kVCqGG fKLKRe afrYLc";"72090861125";"368537";"CONCLUÍDA"
"NNCIRI tnpWuT xoxFOY";"39961552256";"368537";"CONCLUÍDA"
"KkBjhk egSIyD BoJRsQ";"83714618840";"368537";"CONCLUÍDA"
"mejVqP OxpEie TWVJYF";"51958408564";"368537";"CONCLUÍDA"
"KNEqrA axbVIm zmSMIH";"24634199861";"368537";"CONCLUÍDA"
"cyRnlL NRTccv TQFCHv";"60890281266";"368537";"CONCLUÍDA"
"BpAXmX uwwTPm nRyENh";"86013673205";"368537";"CONCLUÍDA"
"BRmiNt oNggol GwDwDQ";"44047901167";"368537";"CONCLUÍDA"
"mcQHWy SBtocx iVgyWQ";"83106936279";"368537";"CONCLUÍDA"
"JhUcNt dBnQpL HpJscH";"82437759000";"368537";"CONCLUÍDA"
"bciXZu jYmAZJ uItxqd";"28327465020";"368537";"CONCLUÍDA"
"JQMeUW sOnEEm aRkndB";"76165024307";"368537";"CONCLUÍDA"
"INEpvK DDbwzc RGTSuk";"01402032353";"368537";"DESLIGADO"
"ceKzht cUwXLb AYfNmD";"00595014954";"368537";"CONCLUÍDA"
