"Nome Aluno";"Numero Cpf";"Co Ciclo Matricula";"Situação Matricula";"No Curso";"Dt Data Inicio";"Unidade Ensino"
"AAADsE SVbQbI qiyQrz";"047.575.718-43";2628203;"EM_CURSO";"GEOGRAFIA";"07/08/2019";"INSTITUTO FEDERAL DE PERNAMBUCO - CAMPUS RECIFE"
"aaGTXI aWRyrx SGEJit";"486.889.264-99";2580854;"EM_CURSO";"TÉCNICO EM ELETROTÉCNICA";"06/02/2019";"INSTITUTO FEDERAL DE PERNAMBUCO - CAMPUS RECIFE"
"aALmjd OIjCan NlmjFU";"806.110.330-17";2649726;"EM_CURSO";"TÉCNICO EM ELETROTÉCNICA";"02/09/2019";"INSTITUTO FEDERAL DE PERNAMBUCO - CAMPUS RECIFE"
"AAsERj yYXyju ttAJxm";"912.984.167-07";2592436;"EM_CURSO";"TÉCNICO EM SEGURANÇA DO TRABALHO";"06/02/2019";"INSTITUTO FEDERAL DE PERNAMBUCO - CAMPUS RECIFE"
"aaUJFN WQULVu WZhctg";"448.795.497-54";2592436;"EM_CURSO";"TÉCNICO EM SEGURANÇA DO TRABALHO";"06/02/2019";"INSTITUTO FEDERAL DE PERNAMBUCO - CAMPUS RECIFE"
"aaZNyf bNOCDF BFnzww";"855.610.296-62";2638172;"EM_CURSO";"RADIOLOGIA";"26/07/2019";"INSTITUTO FEDERAL DE PERNAMBUCO - CAMPUS RECIFE"
"AbENCS DRupfN XATmPY";"971.999.247-07";2628213;"EM_CURSO";"MATEMÁTICA";"07/08/2019";"INSTITUTO FEDERAL DE PERNAMBUCO - CAMPUS RECIFE"
"aBhsEZ fcsndL JnGwLi";"125.827.205-35";2628113;"EM_CURSO";"GESTÃO PÚBLICA";"06/08/2019";"INSTITUTO FEDERAL DE PERNAMBUCO - CAMPUS RECIFE"
"abJUwT tiNMsb CZTgdk";"671.987.079-96";2671138;"EM_CURSO";"TÉCNICO EM EDIFICAÇÕES";"01/08/2019";"INSTITUTO FEDERAL DE PERNAMBUCO - CAMPUS RECIFE"
"aCJPiy yXbMIv VMrXTR";"085.037.913-53";2593332;"EM_CURSO";"TÉCNICO EM SEGURANÇA DO TRABALHO";"06/02/2019";"INSTITUTO FEDERAL DE PERNAMBUCO - CAMPUS RECIFE"
"ACpNNM CGatDL vTtBFj";"081.513.391-10";2608765;"EM_CURSO";"TÉCNICO EM REFRIGERAÇÃO E CLIMATIZAÇÃO";"01/04/2019";"INSTITUTO FEDERAL DE PERNAMBUCO - CAMPUS RECIFE"
"AcPyjz iulOxg ufzpan";"107.081.629-64";2628203;"EM_CURSO";"GEOGRAFIA";"07/08/2019";"INSTITUTO FEDERAL DE PERNAMBUCO - CAMPUS RECIFE"
"acSVOU MSdDas OKksHi";"150.200.570-13";2628203;"EM_CURSO";"GEOGRAFIA";"07/08/2019";"INSTITUTO FEDERAL DE PERNAMBUCO - CAMPUS RECIFE"
"AdbuwE AyFvYe tAIZJS";"568.571.551-55";2628213;"EM_CURSO";"MATEMÁTICA";"07/08/2019";"INSTITUTO FEDERAL DE PERNAMBUCO - CAMPUS RECIFE"
"ADCcqy GEqHSn FxMMtk";"429.794.467-65";2608757;"EM_CURSO";"TÉCNICO EM QUÍMICA";"01/04/2019";"INSTITUTO FEDERAL DE PERNAMBUCO - CAMPUS RECIFE"
"aDldWF nzUIJG oQYPbT";"262.247.467-67";2628213;"EM_CURSO";"MATEMÁTICA";"07/08/2019";"INSTITUTO FEDERAL DE PERNAMBUCO - CAMPUS RECIFE"
"AecfcG hhHRmx rDZPln";"308.851.756-45";2580867;"EM_CURSO";"ANÁLISE E DESENVOLVIMENTO DE SISTEMAS";"06/02/2019";"INSTITUTO FEDERAL DE PERNAMBUCO - CAMPUS RECIFE"
"aEmGTd qQTYXw QYvyVA";"169.599.257-24";2649729;"EM_CURSO";"TÉCNICO EM ELETROTÉCNICA";"02/09/2019";"INSTITUTO FEDERAL DE PERNAMBUCO - CAMPUS RECIFE"
"aEygjm QxuvWz BeVUhh";"020.726.760-35";2580840;"EM_CURSO";"TÉCNICO EM ELETRÔNICA";"06/02/2019";"INSTITUTO FEDERAL DE PERNAMBUCO - CAMPUS RECIFE"
"AEZsnX vbljmt ZJZiuT";"146.932.505-42";2628213;"EM_CURSO";"MATEMÁTICA";"07/08/2019";"INSTITUTO FEDERAL DE PERNAMBUCO - CAMPUS RECIFE"
"AfGfvf hOZfjG niJXMP";"668.138.046-09";2592436;"EM_CURSO";"TÉCNICO EM SEGURANÇA DO TRABALHO";"06/02/2019";"INSTITUTO FEDERAL DE PERNAMBUCO - CAMPUS RECIFE"
"AFKddI TXpzXn CtkYBH";"310.121.538-80";2578410;"EM_CURSO";"TÉCNICO EM SANEAMENTO";"06/02/2019";"INSTITUTO FEDERAL DE PERNAMBUCO - CAMPUS RECIFE"
"AFQqqz nhDhfZ OEmQXf";"080.317.260-17";2580857;"ABANDONO";"TÉCNICO EM ELETROTÉCNICA";"06/02/2019";"INSTITUTO FEDERAL DE PERNAMBUCO - CAMPUS RECIFE"
"AfxwFI eKhtrK dTXeYU";"679.722.035-33";2580839;"EM_CURSO";"TÉCNICO EM ELETRÔNICA";"06/02/2019";"INSTITUTO FEDERAL DE PERNAMBUCO - CAMPUS RECIFE"
"agIcaW SPgvTM JWGfjx";"273.653.708-30";2608765;"EM_CURSO";"TÉCNICO EM REFRIGERAÇÃO E CLIMATIZAÇÃO";"01/04/2019";"INSTITUTO FEDERAL DE PERNAMBUCO - CAMPUS RECIFE"
"AGlDWg vJhlAF BSiFfU";"962.673.651-21";2641105;"EM_CURSO";"ENSINO DA MATEMÁTICA NO ENSINO MÉDIO";"07/08/2019";"INSTITUTO FEDERAL DE PERNAMBUCO - CAMPUS RECIFE"
"agRhUZ WLwBXx WTjWLv";"880.901.379-25";2628203;"EM_CURSO";"GEOGRAFIA";"07/08/2019";"INSTITUTO FEDERAL DE PERNAMBUCO - CAMPUS RECIFE"
"AgSRIy NvYEEb kxvBUB";"479.498.467-61";2628113;"EM_CURSO";"GESTÃO PÚBLICA";"06/08/2019";"INSTITUTO FEDERAL DE PERNAMBUCO - CAMPUS RECIFE"
"AHBSYo dgenJc XBtVAg";"916.243.036-28";2608770;"EM_CURSO";"ENGENHARIA MECÂNICA";"02/04/2019";"INSTITUTO FEDERAL DE PERNAMBUCO - CAMPUS RECIFE"
"AhcMGt SGDPbC corKHf";"812.257.482-18";2649730;"EM_CURSO";"TÉCNICO EM TELECOMUNICAÇÕES";"02/09/2019";"INSTITUTO FEDERAL DE PERNAMBUCO - CAMPUS RECIFE"
"aHfHzl YwoPDj FiExDC";"591.034.200-28";2608765;"EM_CURSO";"TÉCNICO EM REFRIGERAÇÃO E CLIMATIZAÇÃO";"01/04/2019";"INSTITUTO FEDERAL DE PERNAMBUCO - CAMPUS RECIFE"
"AhnRUd MiAqOl EPJHuy";"055.170.174-87";2580854;"EM_CURSO";"TÉCNICO EM ELETROTÉCNICA";"06/02/2019";"INSTITUTO FEDERAL DE PERNAMBUCO - CAMPUS RECIFE"
"AHuGLm cHtQoB pCFGMv";"022.632.360-32";2671138;"EM_CURSO";"TÉCNICO EM EDIFICAÇÕES";"01/08/2019";"INSTITUTO FEDERAL DE PERNAMBUCO - CAMPUS RECIFE"
"aiAoHX PVRfaY HBKRBI";"060.389.668-33";2628213;"EM_CURSO";"MATEMÁTICA";"07/08/2019";"INSTITUTO FEDERAL DE PERNAMBUCO - CAMPUS RECIFE"
"AIovFH GSRUyx EtqsVa";"445.778.774-65";2641105;"EM_CURSO";"ENSINO DA MATEMÁTICA NO ENSINO MÉDIO";"07/08/2019";"INSTITUTO FEDERAL DE PERNAMBUCO - CAMPUS RECIFE"
"aIpqGu tTiidG EidqsS";"616.184.359-60";2671138;"EM_CURSO";"TÉCNICO EM EDIFICAÇÕES";"01/08/2019";"INSTITUTO FEDERAL DE PERNAMBUCO - CAMPUS RECIFE"
"aIUeBK WYuqMm YbQeSg";"570.669.306-77";2628113;"EM_CURSO";"GESTÃO PÚBLICA";"06/08/2019";"INSTITUTO FEDERAL DE PERNAMBUCO - CAMPUS RECIFE"
"aiWeOq gxlkGu xVVsPf";"158.281.906-25";2638114;"EM_CURSO";"GESTÃO AMBIENTAL";"26/07/2019";"INSTITUTO FEDERAL DE PERNAMBUCO - CAMPUS RECIFE"
"aJFzhr zBdBzU zGBPOs";"416.810.381-47";2608759;"EM_CURSO";"TÉCNICO EM QUÍMICA";"02/04/2019";"INSTITUTO FEDERAL DE PERNAMBUCO - CAMPUS RECIFE"
"aJlmUs YVyCbN uzLPpi";"206.322.782-69";2628213;"EM_CURSO";"MATEMÁTICA";"07/08/2019";"INSTITUTO FEDERAL DE PERNAMBUCO - CAMPUS RECIFE"
"AJqXNC FycgCZ yLLagt";"200.539.001-44";2628203;"EM_CURSO";"GEOGRAFIA";"07/08/2019";"INSTITUTO FEDERAL DE PERNAMBUCO - CAMPUS RECIFE"
"AjZNtA IJznMz veKIkG";"636.061.218-12";2578410;"EM_CURSO";"TÉCNICO EM SANEAMENTO";"06/02/2019";"INSTITUTO FEDERAL DE PERNAMBUCO - CAMPUS RECIFE"
"AjzxTg fneckU qYXqeO";"845.577.956-98";2635631;"EM_CURSO";"TÉCNICO EM SEGURANÇA DO TRABALHO";"26/07/2019";"INSTITUTO FEDERAL DE PERNAMBUCO - CAMPUS RECIFE"
"AkbmnC gJSwEx MVtCba";"412.696.173-72";2671186;"EM_CURSO";"TÉCNICO EM SANEAMENTO";"01/08/2019";"INSTITUTO FEDERAL DE PERNAMBUCO - CAMPUS RECIFE"
"akeeJw maPrSa PcFWKF";"593.650.246-97";2592436;"EM_CURSO";"TÉCNICO EM SEGURANÇA DO TRABALHO";"06/02/2019";"INSTITUTO FEDERAL DE PERNAMBUCO - CAMPUS RECIFE"
"aKhHkp UVZsfD jaGiVm";"710.446.064-43";2580854;"EM_CURSO";"TÉCNICO EM ELETROTÉCNICA";"06/02/2019";"INSTITUTO FEDERAL DE PERNAMBUCO - CAMPUS RECIFE"
"AkMdsU ZcGdOk zccbAW";"281.869.757-97";2636508;"EM_CURSO";"GESTÃO DE TURISMO";"26/07/2019";"INSTITUTO FEDERAL DE PERNAMBUCO - CAMPUS RECIFE"
"akSMxh JqGJWv lgDAsS";"575.382.492-40";2592443;"EM_CURSO";"GEOGRAFIA";"06/02/2019";"INSTITUTO FEDERAL DE PERNAMBUCO - CAMPUS RECIFE"
"AKTMhA dvwtfb KvCdED";"754.115.660-81";2628213;"EM_CURSO";"MATEMÁTICA";"07/08/2019";"INSTITUTO FEDERAL DE PERNAMBUCO - CAMPUS RECIFE"
"AkygtV EvOuFM xdKpfh";"148.161.052-53";2638172;"EM_CURSO";"RADIOLOGIA";"26/07/2019";"INSTITUTO FEDERAL DE PERNAMBUCO - CAMPUS RECIFE"
"akZJyX Dopotb ValRIS";"358.930.351-75";2580867;"EM_CURSO";"ANÁLISE E DESENVOLVIMENTO DE SISTEMAS";"06/02/2019";"INSTITUTO FEDERAL DE PERNAMBUCO - CAMPUS RECIFE"
"AliBFN PUICDZ xdbjcz";"362.863.431-69";2628203;"EM_CURSO";"GEOGRAFIA";"07/08/2019";"INSTITUTO FEDERAL DE PERNAMBUCO - CAMPUS RECIFE"
"AljVqU ikDrFI Emiwaq";"597.147.600-96";2578406;"EM_CURSO";"TÉCNICO EM EDIFICAÇÕES";"06/02/2019";"INSTITUTO FEDERAL DE PERNAMBUCO - CAMPUS RECIFE"
"aLlOhK OqVoOE fyjMJg";"732.755.807-12";2649723;"EM_CURSO";"TÉCNICO EM ELETRÔNICA";"02/09/2019";"INSTITUTO FEDERAL DE PERNAMBUCO - CAMPUS RECIFE"
"AlPhNP ojAirk dHdRjP";"066.002.404-38";2649723;"EM_CURSO";"TÉCNICO EM ELETRÔNICA";"02/09/2019";"INSTITUTO FEDERAL DE PERNAMBUCO - CAMPUS RECIFE"
"amevJF cXgwfS anSjWP";"674.002.486-80";2640319;"EM_CURSO";"TÉCNICO EM QUÍMICA";"01/08/2019";"INSTITUTO FEDERAL DE PERNAMBUCO - CAMPUS RECIFE"
"aMjtWV MjDSdY mEMAag";"794.427.470-94";2640323;"EM_CURSO";"TÉCNICO EM QUÍMICA";"01/08/2019";"INSTITUTO FEDERAL DE PERNAMBUCO - CAMPUS RECIFE"
"aNOBPD GlEQXB RhMDkK";"081.431.696-75";2636508;"EM_CURSO";"GESTÃO DE TURISMO";"26/07/2019";"INSTITUTO FEDERAL DE PERNAMBUCO - CAMPUS RECIFE"
"AOIAqK YhuDRg ZxRahm";"309.622.205-95";2671138;"EM_CURSO";"TÉCNICO EM EDIFICAÇÕES";"01/08/2019";"INSTITUTO FEDERAL DE PERNAMBUCO - CAMPUS RECIFE"
"aoqRGP ASlZuF bjhyYy";"206.694.645-75";2649719;"EM_CURSO";"TÉCNICO EM ELETRÔNICA";"02/09/2019";"INSTITUTO FEDERAL DE PERNAMBUCO - CAMPUS RECIFE"
"AoQUKA MrlWUn SKXagR";"235.401.418-22";2638178;"EM_CURSO";"DESIGN GRÁFICO";"26/07/2019";"INSTITUTO FEDERAL DE PERNAMBUCO - CAMPUS RECIFE"
"aOsBZU bsnZbE JnxCkR";"803.696.659-72";2636508;"EM_CURSO";"GESTÃO DE TURISMO";"26/07/2019";"INSTITUTO FEDERAL DE PERNAMBUCO - CAMPUS RECIFE"
"aovtdx NeMPXT dwGDuO";"247.000.182-12";2580867;"DESLIGADO";"ANÁLISE E DESENVOLVIMENTO DE SISTEMAS";"06/02/2019";"INSTITUTO FEDERAL DE PERNAMBUCO - CAMPUS RECIFE"
"aOySlK VoDRzL VsWdJE";"274.731.538-75";2628203;"EM_CURSO";"GEOGRAFIA";"07/08/2019";"INSTITUTO FEDERAL DE PERNAMBUCO - CAMPUS RECIFE"
"ApmlAC cEtSyG FHqCTV";"309.893.522-65";2640319;"EM_CURSO";"TÉCNICO EM QUÍMICA";"01/08/2019";"INSTITUTO FEDERAL DE PERNAMBUCO - CAMPUS RECIFE"
"APNguZ fzobgP IizIgQ";"239.179.843-16";2575384;"EM_CURSO";"GESTÃO DE TURISMO";"06/02/2019";"INSTITUTO FEDERAL DE PERNAMBUCO - CAMPUS RECIFE"
"aPQOQA PKMlol wKxHAj";"704.243.863-32";2628113;"EM_CURSO";"GESTÃO PÚBLICA";"06/08/2019";"INSTITUTO FEDERAL DE PERNAMBUCO - CAMPUS RECIFE"
"APRkIF vRmlEw noikZD";"514.195.713-19";2636508;"EM_CURSO";"GESTÃO DE TURISMO";"26/07/2019";"INSTITUTO FEDERAL DE PERNAMBUCO - CAMPUS RECIFE"
"apUUti shMEjP TwMMfq";"162.763.856-29";2592416;"ABANDONO";"GESTÃO AMBIENTAL";"06/02/2019";"INSTITUTO FEDERAL DE PERNAMBUCO - CAMPUS RECIFE"
"APUweJ ESZGlJ knKMQW";"454.893.091-51";2638172;"EM_CURSO";"RADIOLOGIA";"26/07/2019";"INSTITUTO FEDERAL DE PERNAMBUCO - CAMPUS RECIFE"
"aqedBl onSpbG reuiQw";"279.427.594-08";2628213;"EM_CURSO";"MATEMÁTICA";"07/08/2019";"INSTITUTO FEDERAL DE PERNAMBUCO - CAMPUS RECIFE"
"AQIhBr NZvueT mjMxNg";"948.483.956-32";2580858;"ABANDONO";"TÉCNICO EM TELECOMUNICAÇÕES";"06/02/2019";"INSTITUTO FEDERAL DE PERNAMBUCO - CAMPUS RECIFE"
"AqloBt sOUnwi xVHfyL";"197.426.063-60";2592436;"EM_CURSO";"TÉCNICO EM SEGURANÇA DO TRABALHO";"06/02/2019";"INSTITUTO FEDERAL DE PERNAMBUCO - CAMPUS RECIFE"
"aQozSy UGxObi zBCddn";"080.837.522-74";2578399;"EM_CURSO";"TÉCNICO EM EDIFICAÇÕES";"06/02/2019";"INSTITUTO FEDERAL DE PERNAMBUCO - CAMPUS RECIFE"
"aRKyQw lPcQts EHFpiU";"806.080.762-02";2641105;"EM_CURSO";"ENSINO DA MATEMÁTICA NO ENSINO MÉDIO";"07/08/2019";"INSTITUTO FEDERAL DE PERNAMBUCO - CAMPUS RECIFE"
"ArNfts cetFfn jSknrw";"120.940.374-83";2649730;"EM_CURSO";"TÉCNICO EM TELECOMUNICAÇÕES";"02/09/2019";"INSTITUTO FEDERAL DE PERNAMBUCO - CAMPUS RECIFE"
"asXNXU FEERuc bmSinN";"632.466.137-13";2628213;"EM_CURSO";"MATEMÁTICA";"07/08/2019";"INSTITUTO FEDERAL DE PERNAMBUCO - CAMPUS RECIFE"
"AsxTOX FgGHoQ FeNcjz";"384.660.113-08";2628113;"EM_CURSO";"GESTÃO PÚBLICA";"06/08/2019";"INSTITUTO FEDERAL DE PERNAMBUCO - CAMPUS RECIFE"
"aszZrj wPbhTi XSOhNU";"028.195.401-00";2608765;"EM_CURSO";"TÉCNICO EM REFRIGERAÇÃO E CLIMATIZAÇÃO";"01/04/2019";"INSTITUTO FEDERAL DE PERNAMBUCO - CAMPUS RECIFE"
"aTJKMn bDtACG ysPkTd";"649.310.625-72";2649723;"EM_CURSO";"TÉCNICO EM ELETRÔNICA";"02/09/2019";"INSTITUTO FEDERAL DE PERNAMBUCO - CAMPUS RECIFE"
"ATqjIG wrwPwJ squNOl";"166.440.859-81";2671235;"EM_CURSO";"ESPECIALIZAÇÃO EM PRÁTICAS INTERPRETATIVAS EM MÚSICA POPULAR COM ÊNFASE EM FREVO";"30/08/2019";"INSTITUTO FEDERAL DE PERNAMBUCO - CAMPUS RECIFE"
"aTWmbj oMejLA wGXfxi";"073.266.479-24";2649719;"EM_CURSO";"TÉCNICO EM ELETRÔNICA";"02/09/2019";"INSTITUTO FEDERAL DE PERNAMBUCO - CAMPUS RECIFE"
"atzfLT vxxEpe uqgttc";"641.908.333-36";2641105;"EM_CURSO";"ENSINO DA MATEMÁTICA NO ENSINO MÉDIO";"07/08/2019";"INSTITUTO FEDERAL DE PERNAMBUCO - CAMPUS RECIFE"
"auhEiR hdBtIg dzjeTb";"466.464.564-02";2608762;"EM_CURSO";"TÉCNICO EM MECÂNICA";"01/04/2019";"INSTITUTO FEDERAL DE PERNAMBUCO - CAMPUS RECIFE"
"AUKgfA URrvTP IMXbRX";"340.158.210-46";2580854;"EM_CURSO";"TÉCNICO EM ELETROTÉCNICA";"06/02/2019";"INSTITUTO FEDERAL DE PERNAMBUCO - CAMPUS RECIFE"
"AumFSd Agtgym gvrCOQ";"286.142.026-30";2580854;"EM_CURSO";"TÉCNICO EM ELETROTÉCNICA";"06/02/2019";"INSTITUTO FEDERAL DE PERNAMBUCO - CAMPUS RECIFE"
"AunqPt PiKrav vbWpLi";"205.409.745-03";2578410;"EM_CURSO";"TÉCNICO EM SANEAMENTO";"06/02/2019";"INSTITUTO FEDERAL DE PERNAMBUCO - CAMPUS RECIFE"
"AuSPgE GjMdSa Qnbomf";"735.411.029-41";2628113;"EM_CURSO";"GESTÃO PÚBLICA";"06/08/2019";"INSTITUTO FEDERAL DE PERNAMBUCO - CAMPUS RECIFE"
"aUwAbZ irRZHX iimowW";"953.518.240-18";2641105;"EM_CURSO";"ENSINO DA MATEMÁTICA NO ENSINO MÉDIO";"07/08/2019";"INSTITUTO FEDERAL DE PERNAMBUCO - CAMPUS RECIFE"
"AvdNZV PuxVEm fbNFdt";"924.196.445-35";2641105;"EM_CURSO";"ENSINO DA MATEMÁTICA NO ENSINO MÉDIO";"07/08/2019";"INSTITUTO FEDERAL DE PERNAMBUCO - CAMPUS RECIFE"
"avnEAe XNJWjK Bkwesk";"269.294.505-23";2580854;"EM_CURSO";"TÉCNICO EM ELETROTÉCNICA";"06/02/2019";"INSTITUTO FEDERAL DE PERNAMBUCO - CAMPUS RECIFE"
"AVvccq xvORug pcuQvA";"149.554.372-54";2580839;"EM_CURSO";"TÉCNICO EM ELETRÔNICA";"06/02/2019";"INSTITUTO FEDERAL DE PERNAMBUCO - CAMPUS RECIFE"
"AvwNCs fVDaWH DineUW";"619.468.547-22";2636508;"EM_CURSO";"GESTÃO DE TURISMO";"26/07/2019";"INSTITUTO FEDERAL DE PERNAMBUCO - CAMPUS RECIFE"
"AWBDSg gxGfLz XOloTF";"620.263.886-71";2638114;"EM_CURSO";"GESTÃO AMBIENTAL";"26/07/2019";"INSTITUTO FEDERAL DE PERNAMBUCO - CAMPUS RECIFE"
"AWEZno UlrIBd JjOpqT";"629.868.110-40";2592436;"EM_CURSO";"TÉCNICO EM SEGURANÇA DO TRABALHO";"06/02/2019";"INSTITUTO FEDERAL DE PERNAMBUCO - CAMPUS RECIFE"
"awJjCK qrMZlr rGeTpm";"477.359.332-48";2640319;"EM_CURSO";"TÉCNICO EM QUÍMICA";"01/08/2019";"INSTITUTO FEDERAL DE PERNAMBUCO - CAMPUS RECIFE"
"aWmCtV ExPGzi moNgWx";"207.545.519-80";2640323;"EM_CURSO";"TÉCNICO EM QUÍMICA";"01/08/2019";"INSTITUTO FEDERAL DE PERNAMBUCO - CAMPUS RECIFE"
"awqgRZ UDWBLR wfkNbk";"155.657.042-57";2575384;"EM_CURSO";"GESTÃO DE TURISMO";"06/02/2019";"INSTITUTO FEDERAL DE PERNAMBUCO - CAMPUS RECIFE"
"aygtCS tfOIBC KFLIDP";"879.071.359-47";2671186;"EM_CURSO";"TÉCNICO EM SANEAMENTO";"01/08/2019";"INSTITUTO FEDERAL DE PERNAMBUCO - CAMPUS RECIFE"
"ayhmgx NCSwep ozzRxQ";"868.823.802-65";2580857;"DESLIGADO";"TÉCNICO EM ELETROTÉCNICA";"06/02/2019";"INSTITUTO FEDERAL DE PERNAMBUCO - CAMPUS RECIFE"
"aYMUEH EFTSfS DijgTR";"223.876.771-93";2578410;"EM_CURSO";"TÉCNICO EM SANEAMENTO";"06/02/2019";"INSTITUTO FEDERAL DE PERNAMBUCO - CAMPUS RECIFE"
"aYWXsF wwkads urRJWy";"492.343.539-33";2635631;"EM_CURSO";"TÉCNICO EM SEGURANÇA DO TRABALHO";"26/07/2019";"INSTITUTO FEDERAL DE PERNAMBUCO - CAMPUS RECIFE"
"aZOOVa DonKpf WOuMzd";"894.134.183-21";2640315;"EM_CURSO";"TÉCNICO EM MECÂNICA";"01/08/2019";"INSTITUTO FEDERAL DE PERNAMBUCO - CAMPUS RECIFE"
"aZOqqk pssnSE UlVrcF";"501.949.369-75";2592436;"EM_CURSO";"TÉCNICO EM SEGURANÇA DO TRABALHO";"06/02/2019";"INSTITUTO FEDERAL DE PERNAMBUCO - CAMPUS RECIFE"
"Azpqww WtTSNQ icznPz";"782.649.058-73";2671191;"EM_CURSO";"ENGENHARIA CIVIL";"01/08/2019";"INSTITUTO FEDERAL DE PERNAMBUCO - CAMPUS RECIFE"
"aZvtWr XSVMJy ULNLfT";"117.952.847-84";2580295;"EM_CURSO";"ENGENHARIA CIVIL";"06/02/2019";"INSTITUTO FEDERAL DE PERNAMBUCO - CAMPUS RECIFE"
"aZvtWr XSVMJy ULNLfT";"117.952.847-84";2671191;"EM_CURSO";"ENGENHARIA CIVIL";"01/08/2019";"INSTITUTO FEDERAL DE PERNAMBUCO - CAMPUS RECIFE"
"BABpdI iJMfSn kgQrHP";"724.565.503-92";2641105;"EM_CURSO";"ENSINO DA MATEMÁTICA NO ENSINO MÉDIO";"07/08/2019";"INSTITUTO FEDERAL DE PERNAMBUCO - CAMPUS RECIFE"
"BAdfVb NHnhbJ rrWxam";"823.749.722-89";2640323;"EM_CURSO";"TÉCNICO EM QUÍMICA";"01/08/2019";"INSTITUTO FEDERAL DE PERNAMBUCO - CAMPUS RECIFE"
"badGKj OewtHy phVnnS";"367.230.538-06";2578406;"EM_CURSO";"TÉCNICO EM EDIFICAÇÕES";"06/02/2019";"INSTITUTO FEDERAL DE PERNAMBUCO - CAMPUS RECIFE"
"BAFJXO bKNiBp mANhDI";"822.717.322-79";2593332;"EM_CURSO";"TÉCNICO EM SEGURANÇA DO TRABALHO";"06/02/2019";"INSTITUTO FEDERAL DE PERNAMBUCO - CAMPUS RECIFE"
"baKKrg zMYQRT zbxnZI";"137.889.732-87";2580867;"EM_CURSO";"ANÁLISE E DESENVOLVIMENTO DE SISTEMAS";"06/02/2019";"INSTITUTO FEDERAL DE PERNAMBUCO - CAMPUS RECIFE"
"BAKmVF AWNrRd YrTdEs";"901.514.506-25";2638172;"EM_CURSO";"RADIOLOGIA";"26/07/2019";"INSTITUTO FEDERAL DE PERNAMBUCO - CAMPUS RECIFE"
"batMuP UDtyAg MSLvIa";"810.158.539-34";2580840;"EM_CURSO";"TÉCNICO EM ELETRÔNICA";"06/02/2019";"INSTITUTO FEDERAL DE PERNAMBUCO - CAMPUS RECIFE"
"BBhOcx XrKDDQ rlnWBb";"600.370.293-69";2673813;"EM_CURSO";"MESTRADO PROFISSIONAL EM GESTÃO AMBIENTAL";"01/03/2019";"INSTITUTO FEDERAL DE PERNAMBUCO - CAMPUS RECIFE"
"bBnFqE xhMZEm bOzYsz";"122.153.509-11";2635631;"EM_CURSO";"TÉCNICO EM SEGURANÇA DO TRABALHO";"26/07/2019";"INSTITUTO FEDERAL DE PERNAMBUCO - CAMPUS RECIFE"
"BBSndQ Iqcpuo csgwfl";"378.576.193-37";2578399;"EM_CURSO";"TÉCNICO EM EDIFICAÇÕES";"06/02/2019";"INSTITUTO FEDERAL DE PERNAMBUCO - CAMPUS RECIFE"
"bCbusH bFqXcf sFKWuG";"978.463.621-94";2578401;"EM_CURSO";"TÉCNICO EM SANEAMENTO";"06/02/2019";"INSTITUTO FEDERAL DE PERNAMBUCO - CAMPUS RECIFE"
"bCHLDw KwxZuD CyfONL";"753.445.470-03";2635631;"EM_CURSO";"TÉCNICO EM SEGURANÇA DO TRABALHO";"26/07/2019";"INSTITUTO FEDERAL DE PERNAMBUCO - CAMPUS RECIFE"
"bCitnB LFXCgm rFCRuk";"552.931.045-99";2671186;"EM_CURSO";"TÉCNICO EM SANEAMENTO";"01/08/2019";"INSTITUTO FEDERAL DE PERNAMBUCO - CAMPUS RECIFE"
"bcLOpi dBGbJm QHTiLG";"315.792.337-85";2628213;"EM_CURSO";"MATEMÁTICA";"07/08/2019";"INSTITUTO FEDERAL DE PERNAMBUCO - CAMPUS RECIFE"
"bclquZ TprWQX zTAzly";"382.778.877-79";2578399;"EM_CURSO";"TÉCNICO EM EDIFICAÇÕES";"06/02/2019";"INSTITUTO FEDERAL DE PERNAMBUCO - CAMPUS RECIFE"
"BCPwbH Avkffz gaHnGj";"972.812.939-72";2592416;"EM_CURSO";"GESTÃO AMBIENTAL";"06/02/2019";"INSTITUTO FEDERAL DE PERNAMBUCO - CAMPUS RECIFE"
"bcQgBf BGQOnz bHIpGy";"572.587.183-87";2608764;"EM_CURSO";"TÉCNICO EM MECÂNICA";"02/04/2019";"INSTITUTO FEDERAL DE PERNAMBUCO - CAMPUS RECIFE"
"bcTTOv AoaJUB qRapTl";"860.231.223-64";2580857;"ABANDONO";"TÉCNICO EM ELETROTÉCNICA";"06/02/2019";"INSTITUTO FEDERAL DE PERNAMBUCO - CAMPUS RECIFE"
"BCWwlW Ezkmze zRVZHQ";"863.680.306-60";2628213;"EM_CURSO";"MATEMÁTICA";"07/08/2019";"INSTITUTO FEDERAL DE PERNAMBUCO - CAMPUS RECIFE"
"BdMIdh IHkcNA eOsZEs";"335.445.182-27";2628203;"EM_CURSO";"GEOGRAFIA";"07/08/2019";"INSTITUTO FEDERAL DE PERNAMBUCO - CAMPUS RECIFE"
"bDojct WsTUzn xjafPY";"283.668.710-72";2671191;"EM_CURSO";"ENGENHARIA CIVIL";"01/08/2019";"INSTITUTO FEDERAL DE PERNAMBUCO - CAMPUS RECIFE"
"BDOyOL BYBHny iudbCM";"216.978.723-96";2608762;"EM_CURSO";"TÉCNICO EM MECÂNICA";"01/04/2019";"INSTITUTO FEDERAL DE PERNAMBUCO - CAMPUS RECIFE"
"bdZjUj mLbwtq xtDDsu";"432.229.668-15";2640318;"EM_CURSO";"TÉCNICO EM REFRIGERAÇÃO E CLIMATIZAÇÃO";"01/08/2019";"INSTITUTO FEDERAL DE PERNAMBUCO - CAMPUS RECIFE"
"beEpaC yDUoiT EBvFtX";"459.135.742-11";2641105;"EM_CURSO";"ENSINO DA MATEMÁTICA NO ENSINO MÉDIO";"07/08/2019";"INSTITUTO FEDERAL DE PERNAMBUCO - CAMPUS RECIFE"
"BeUAVy ClOpQS bcLWQh";"871.183.156-55";2671191;"EM_CURSO";"ENGENHARIA CIVIL";"01/08/2019";"INSTITUTO FEDERAL DE PERNAMBUCO - CAMPUS RECIFE"
"BeXTyg YKcWCo LnoWgz";"990.653.920-36";2628213;"EM_CURSO";"MATEMÁTICA";"07/08/2019";"INSTITUTO FEDERAL DE PERNAMBUCO - CAMPUS RECIFE"
"bezTDh EGjmfh JrButH";"045.013.128-72";2628213;"EM_CURSO";"MATEMÁTICA";"07/08/2019";"INSTITUTO FEDERAL DE PERNAMBUCO - CAMPUS RECIFE"
"bFobiz uAFhiC lFElGA";"589.664.725-80";2578406;"EM_CURSO";"TÉCNICO EM EDIFICAÇÕES";"06/02/2019";"INSTITUTO FEDERAL DE PERNAMBUCO - CAMPUS RECIFE"
"bFxylQ fLVAYd pvyyjs";"823.552.308-59";2671191;"EM_CURSO";"ENGENHARIA CIVIL";"01/08/2019";"INSTITUTO FEDERAL DE PERNAMBUCO - CAMPUS RECIFE"
"BfyoMC GKHjso xVrAZJ";"020.754.229-56";2649729;"EM_CURSO";"TÉCNICO EM ELETROTÉCNICA";"02/09/2019";"INSTITUTO FEDERAL DE PERNAMBUCO - CAMPUS RECIFE"
"BGppZP giErCK cuIOsr";"103.715.672-24";2608762;"EM_CURSO";"TÉCNICO EM MECÂNICA";"01/04/2019";"INSTITUTO FEDERAL DE PERNAMBUCO - CAMPUS RECIFE"
"BgRCbs fodPKC ZpLKeQ";"145.602.333-26";2628203;"EM_CURSO";"GEOGRAFIA";"07/08/2019";"INSTITUTO FEDERAL DE PERNAMBUCO - CAMPUS RECIFE"
"BHAoZL haZhWX kZWPlZ";"964.932.764-22";2580840;"DESLIGADO";"TÉCNICO EM ELETRÔNICA";"06/02/2019";"INSTITUTO FEDERAL DE PERNAMBUCO - CAMPUS RECIFE"
"BHByiZ qoLiOC zboRSj";"597.532.604-13";2608762;"EM_CURSO";"TÉCNICO EM MECÂNICA";"01/04/2019";"INSTITUTO FEDERAL DE PERNAMBUCO - CAMPUS RECIFE"
"BhEKcn oeyiMP esFNTv";"881.178.508-72";2628213;"EM_CURSO";"MATEMÁTICA";"07/08/2019";"INSTITUTO FEDERAL DE PERNAMBUCO - CAMPUS RECIFE"
"BhHJEQ UsAVAA oMKpFf";"000.143.627-60";2628213;"EM_CURSO";"MATEMÁTICA";"07/08/2019";"INSTITUTO FEDERAL DE PERNAMBUCO - CAMPUS RECIFE"
"BHpjYn tcwUxS nJvSlh";"872.066.543-36";2578401;"EM_CURSO";"TÉCNICO EM SANEAMENTO";"06/02/2019";"INSTITUTO FEDERAL DE PERNAMBUCO - CAMPUS RECIFE"
"BhqEKL bkyWxh brZOXW";"592.278.568-39";2592436;"EM_CURSO";"TÉCNICO EM SEGURANÇA DO TRABALHO";"06/02/2019";"INSTITUTO FEDERAL DE PERNAMBUCO - CAMPUS RECIFE"
"BHwAgU WXoaki WcTREd";"541.873.199-02";2628113;"EM_CURSO";"GESTÃO PÚBLICA";"06/08/2019";"INSTITUTO FEDERAL DE PERNAMBUCO - CAMPUS RECIFE"
"BhxaPd pwiESb cvpHTG";"403.689.835-92";2608762;"EM_CURSO";"TÉCNICO EM MECÂNICA";"01/04/2019";"INSTITUTO FEDERAL DE PERNAMBUCO - CAMPUS RECIFE"
"biczZT NFCtMn ajbcoi";"575.314.374-51";2608770;"EM_CURSO";"ENGENHARIA MECÂNICA";"02/04/2019";"INSTITUTO FEDERAL DE PERNAMBUCO - CAMPUS RECIFE"
"bIeQEt VgXlep jXhPCz";"651.682.971-88";2628198;"EM_CURSO";"TÉCNICO EM MANUTENÇÃO E SUPORTE EM INFORMÁTICA";"07/08/2019";"INSTITUTO FEDERAL DE PERNAMBUCO - CAMPUS RECIFE"
"BiEugz BMptfu cClhcq";"126.416.777-32";2628203;"EM_CURSO";"GEOGRAFIA";"07/08/2019";"INSTITUTO FEDERAL DE PERNAMBUCO - CAMPUS RECIFE"
"BirtKy rZuhMy LMuVJJ";"736.009.398-01";2635631;"EM_CURSO";"TÉCNICO EM SEGURANÇA DO TRABALHO";"26/07/2019";"INSTITUTO FEDERAL DE PERNAMBUCO - CAMPUS RECIFE"
"BixHkM wrNuul znfrYj";"860.926.553-70";2638114;"EM_CURSO";"GESTÃO AMBIENTAL";"26/07/2019";"INSTITUTO FEDERAL DE PERNAMBUCO - CAMPUS RECIFE"
"BjiczW WybgnN GQwoFz";"194.727.685-12";2671186;"EM_CURSO";"TÉCNICO EM SANEAMENTO";"01/08/2019";"INSTITUTO FEDERAL DE PERNAMBUCO - CAMPUS RECIFE"
"BjitIi ydTFsT LuaJwY";"767.047.568-65";2641105;"EM_CURSO";"ENSINO DA MATEMÁTICA NO ENSINO MÉDIO";"07/08/2019";"INSTITUTO FEDERAL DE PERNAMBUCO - CAMPUS RECIFE"
"BJomkb AezUHl zgSHhk";"395.316.240-03";2659185;"EM_CURSO";"EDUCAÇÃO AMBIENTAL E CULTURAL";"01/10/2019";"INSTITUTO FEDERAL DE PERNAMBUCO - CAMPUS RECIFE"
"bKccQw FXwDlq kHUHOM";"110.261.861-21";2578401;"EM_CURSO";"TÉCNICO EM SANEAMENTO";"06/02/2019";"INSTITUTO FEDERAL DE PERNAMBUCO - CAMPUS RECIFE"
"bkvPRq WKVCPl GvLLCL";"774.945.802-98";2578410;"EM_CURSO";"TÉCNICO EM SANEAMENTO";"06/02/2019";"INSTITUTO FEDERAL DE PERNAMBUCO - CAMPUS RECIFE"
"BKwkGv xoOcrB RLvzpc";"571.820.342-09";2628198;"EM_CURSO";"TÉCNICO EM MANUTENÇÃO E SUPORTE EM INFORMÁTICA";"07/08/2019";"INSTITUTO FEDERAL DE PERNAMBUCO - CAMPUS RECIFE"
"BLDAhH tmQSFL dgbKPx";"944.431.173-87";2628203;"EM_CURSO";"GEOGRAFIA";"07/08/2019";"INSTITUTO FEDERAL DE PERNAMBUCO - CAMPUS RECIFE"
"bleITI guwVBy aYgVlI";"582.401.764-58";2575384;"EM_CURSO";"GESTÃO DE TURISMO";"06/02/2019";"INSTITUTO FEDERAL DE PERNAMBUCO - CAMPUS RECIFE"
"BLIsTM UcXqNh PMuVQz";"898.331.321-44";2628213;"EM_CURSO";"MATEMÁTICA";"07/08/2019";"INSTITUTO FEDERAL DE PERNAMBUCO - CAMPUS RECIFE"
"bLnzdF eXaaCO swJlVj";"088.672.251-60";2641105;"EM_CURSO";"ENSINO DA MATEMÁTICA NO ENSINO MÉDIO";"07/08/2019";"INSTITUTO FEDERAL DE PERNAMBUCO - CAMPUS RECIFE"
"BmAEXT nOWAVy zXwwmr";"547.999.406-77";2628203;"EM_CURSO";"GEOGRAFIA";"07/08/2019";"INSTITUTO FEDERAL DE PERNAMBUCO - CAMPUS RECIFE"
"BmdfpU FAtUWw iFSHCN";"398.116.319-81";2578401;"EM_CURSO";"TÉCNICO EM SANEAMENTO";"06/02/2019";"INSTITUTO FEDERAL DE PERNAMBUCO - CAMPUS RECIFE"
"bmNaba pMOtkV eIlkHz";"194.871.883-51";2592416;"EM_CURSO";"GESTÃO AMBIENTAL";"06/02/2019";"INSTITUTO FEDERAL DE PERNAMBUCO - CAMPUS RECIFE"
"bMowDM QLPeAT pmwhxm";"221.305.157-72";2635631;"EM_CURSO";"TÉCNICO EM SEGURANÇA DO TRABALHO";"26/07/2019";"INSTITUTO FEDERAL DE PERNAMBUCO - CAMPUS RECIFE"
"Bmvujk Thyekc XSFZON";"786.049.992-39";2580857;"EM_CURSO";"TÉCNICO EM ELETROTÉCNICA";"06/02/2019";"INSTITUTO FEDERAL DE PERNAMBUCO - CAMPUS RECIFE"
"BMzLit swpQLS LTtSSR";"181.909.779-05";2628213;"EM_CURSO";"MATEMÁTICA";"07/08/2019";"INSTITUTO FEDERAL DE PERNAMBUCO - CAMPUS RECIFE"
"BNbMpx EYxCHr oLMEcL";"151.799.004-68";2608765;"EM_CURSO";"TÉCNICO EM REFRIGERAÇÃO E CLIMATIZAÇÃO";"01/04/2019";"INSTITUTO FEDERAL DE PERNAMBUCO - CAMPUS RECIFE"
"bNHjxx EkEUJO VHaTOs";"417.909.662-05";2592443;"EM_CURSO";"GEOGRAFIA";"06/02/2019";"INSTITUTO FEDERAL DE PERNAMBUCO - CAMPUS RECIFE"
"bNjwtx AOLjla ADGvZd";"355.481.706-04";2592436;"EM_CURSO";"TÉCNICO EM SEGURANÇA DO TRABALHO";"06/02/2019";"INSTITUTO FEDERAL DE PERNAMBUCO - CAMPUS RECIFE"
"BnmpWX iNGGDC vhVUmh";"963.095.863-06";2578401;"EM_CURSO";"TÉCNICO EM SANEAMENTO";"06/02/2019";"INSTITUTO FEDERAL DE PERNAMBUCO - CAMPUS RECIFE"
"bnNqjB tEQMIJ aUvDhG";"472.343.654-65";2580857;"ABANDONO";"TÉCNICO EM ELETROTÉCNICA";"06/02/2019";"INSTITUTO FEDERAL DE PERNAMBUCO - CAMPUS RECIFE"
"bNUrkK BtWHQw KqVuqP";"550.438.362-07";2578410;"EM_CURSO";"TÉCNICO EM SANEAMENTO";"06/02/2019";"INSTITUTO FEDERAL DE PERNAMBUCO - CAMPUS RECIFE"
"BNUsNe mJsENh dxjnUs";"138.970.897-92";2649719;"EM_CURSO";"TÉCNICO EM ELETRÔNICA";"02/09/2019";"INSTITUTO FEDERAL DE PERNAMBUCO - CAMPUS RECIFE"
"BnVLIt MuDdqc NKOldM";"644.847.571-79";2640323;"EM_CURSO";"TÉCNICO EM QUÍMICA";"01/08/2019";"INSTITUTO FEDERAL DE PERNAMBUCO - CAMPUS RECIFE"
"bOHlQH ZElwCn ePLVkq";"187.226.437-09";2580854;"EM_CURSO";"TÉCNICO EM ELETROTÉCNICA";"06/02/2019";"INSTITUTO FEDERAL DE PERNAMBUCO - CAMPUS RECIFE"
"BOouey NDHegt FBWUPc";"967.597.025-36";2628213;"EM_CURSO";"MATEMÁTICA";"07/08/2019";"INSTITUTO FEDERAL DE PERNAMBUCO - CAMPUS RECIFE"
"bOuyYy fTNufy PVhZBO";"338.827.530-76";2628113;"EM_CURSO";"GESTÃO PÚBLICA";"06/08/2019";"INSTITUTO FEDERAL DE PERNAMBUCO - CAMPUS RECIFE"
"bOwNsE tjVhKp FrKLJH";"229.605.289-92";2592443;"DESLIGADO";"GEOGRAFIA";"06/02/2019";"INSTITUTO FEDERAL DE PERNAMBUCO - CAMPUS RECIFE"
"BPEoal SXKzcC wRqdkC";"785.856.882-33";2593332;"EM_CURSO";"TÉCNICO EM SEGURANÇA DO TRABALHO";"06/02/2019";"INSTITUTO FEDERAL DE PERNAMBUCO - CAMPUS RECIFE"
"bPkjEh mBjkIU ZxkweK";"507.294.791-01";2628198;"EM_CURSO";"TÉCNICO EM MANUTENÇÃO E SUPORTE EM INFORMÁTICA";"07/08/2019";"INSTITUTO FEDERAL DE PERNAMBUCO - CAMPUS RECIFE"
"bPmMfj kWOOjN wysySw";"911.533.401-74";2578410;"EM_CURSO";"TÉCNICO EM SANEAMENTO";"06/02/2019";"INSTITUTO FEDERAL DE PERNAMBUCO - CAMPUS RECIFE"
"bpQVjd imNZhF gKsnEg";"271.303.223-10";2640323;"EM_CURSO";"TÉCNICO EM QUÍMICA";"01/08/2019";"INSTITUTO FEDERAL DE PERNAMBUCO - CAMPUS RECIFE"
"bptiUW BkQGAg ITXaNL";"735.859.025-58";2628113;"EM_CURSO";"GESTÃO PÚBLICA";"06/08/2019";"INSTITUTO FEDERAL DE PERNAMBUCO - CAMPUS RECIFE"
"BptVKw jRsAyY Thmfby";"593.845.557-15";2638114;"EM_CURSO";"GESTÃO AMBIENTAL";"26/07/2019";"INSTITUTO FEDERAL DE PERNAMBUCO - CAMPUS RECIFE"
"bqKzrS GriXmY uDGDTp";"723.021.239-59";2580854;"EM_CURSO";"TÉCNICO EM ELETROTÉCNICA";"06/02/2019";"INSTITUTO FEDERAL DE PERNAMBUCO - CAMPUS RECIFE"
"bQQFLf brzfkB PgFhOP";"853.207.652-31";2575384;"DESLIGADO";"GESTÃO DE TURISMO";"06/02/2019";"INSTITUTO FEDERAL DE PERNAMBUCO - CAMPUS RECIFE"
"bqruwU XCWuvY ZQPqoN";"108.137.114-74";2636508;"EM_CURSO";"GESTÃO DE TURISMO";"26/07/2019";"INSTITUTO FEDERAL DE PERNAMBUCO - CAMPUS RECIFE"
"BqWhLE sdXlQo XIZGQv";"790.727.243-02";2640319;"EM_CURSO";"TÉCNICO EM QUÍMICA";"01/08/2019";"INSTITUTO FEDERAL DE PERNAMBUCO - CAMPUS RECIFE"
"BQXqLO XxxoZx irYsrP";"531.211.899-28";2635631;"EM_CURSO";"TÉCNICO EM SEGURANÇA DO TRABALHO";"26/07/2019";"INSTITUTO FEDERAL DE PERNAMBUCO - CAMPUS RECIFE"
"BqyLwl pmBjdi jgxIdK";"533.884.642-21";2640323;"EM_CURSO";"TÉCNICO EM QUÍMICA";"01/08/2019";"INSTITUTO FEDERAL DE PERNAMBUCO - CAMPUS RECIFE"
"bRfgFj ioPkVT vgRtTL";"226.506.414-00";2645642;"EM_CURSO";"TÉCNICO EM SEGURANÇA DO TRABALHO";"01/08/2019";"INSTITUTO FEDERAL DE PERNAMBUCO - CAMPUS RECIFE"
"BsIOgo YfrBFV hanUcH";"007.316.248-39";2628213;"EM_CURSO";"MATEMÁTICA";"07/08/2019";"INSTITUTO FEDERAL DE PERNAMBUCO - CAMPUS RECIFE"
"BsIOgo YfrBFV hanUcH";"007.316.248-39";2641105;"EM_CURSO";"ENSINO DA MATEMÁTICA NO ENSINO MÉDIO";"07/08/2019";"INSTITUTO FEDERAL DE PERNAMBUCO - CAMPUS RECIFE"
"BsXzqt fzepFe nIwuoB";"817.110.357-24";2649719;"EM_CURSO";"TÉCNICO EM ELETRÔNICA";"02/09/2019";"INSTITUTO FEDERAL DE PERNAMBUCO - CAMPUS RECIFE"
"bTAdeu zcLxDj nLzbsH";"129.860.767-64";2592416;"DESLIGADO";"GESTÃO AMBIENTAL";"06/02/2019";"INSTITUTO FEDERAL DE PERNAMBUCO - CAMPUS RECIFE"
"bTAVBs NvNdPP UsWHqj";"024.945.977-66";2628203;"EM_CURSO";"GEOGRAFIA";"07/08/2019";"INSTITUTO FEDERAL DE PERNAMBUCO - CAMPUS RECIFE"
"btBaeo xpZxRG azYEAP";"773.705.966-05";2628213;"EM_CURSO";"MATEMÁTICA";"07/08/2019";"INSTITUTO FEDERAL DE PERNAMBUCO - CAMPUS RECIFE"
"btqjxC HrMqyK pQlXZD";"539.322.218-97";2593332;"EM_CURSO";"TÉCNICO EM SEGURANÇA DO TRABALHO";"06/02/2019";"INSTITUTO FEDERAL DE PERNAMBUCO - CAMPUS RECIFE"
