"INICIO","CICLO","CURSO_SISTEC","CURSO_QACADEMICO","CAMPUS"
"2020.1",2682338,"ADMINISTRAÇÃO","BACHARELADO EM ADMINISTRAÇÃO","IGARASSU"
"2019.1",2596200,"ADMINISTRAÇÃO","BACHARELADO EM ADMINISTRAÇÃO - CB","CABO DE SANTO AGOSTINHO"
"2019.2",2635682,"ENFERMAGEM","BACHARELADO EM ENFERMAGEM","PESQUEIRA"
"2019.1",2580295,"ENGENHARIA CIVIL","BACHARELADO EM ENGENHARIA CIVIL","RECIFE"
"2019.2",2671191,"ENGENHARIA CIVIL","BACHARELADO EM ENGENHARIA CIVIL","RECIFE"
"2020.1",2681665,"ENGENHARIA CIVIL","BACHARELADO EM ENGENHARIA CIVIL","AFOGADOS DA INGAZEIRA"
"2019.2",2635346,"ENGENHARIA DE SOFTWARE","BACHARELADO EM ENGENHARIA DE SOFTWARE - BJ","BELO JARDIM"
"2019.2",2665883,"ENGENHARIA MECÂNICA","BACHARELADO EM ENGENHARIA MECÂNICA","IPOJUCA"
"2019.2",2648813,"BOAS PRÁTICAS DE FABRICAÇÃO DE PRODUTOS ALIMENTÍCIOS","BOAS PRÁTICAS DE FABRICAÇÃO DE PRODUTOS ALIMENTÍCIOS","BELO JARDIM"
"2019.1",2603752,"ESPANHOL","CURSO BÁSICO DE ESPANHOL I","ABREU E LIMA"
"2019.2",2675473,"LIBRAS","CURSO BÁSICO DE LIBRAS","PESQUEIRA"
"2019.1",2608143,"PROGRAMADOR WEB","CURSO BÁSICO DE PROGRAMAÇÃO WEB - PM","PALMARES"
"2019.2",2670375,"ALMOXARIFE","CURSO DE ALMOXARIFE - SEE _ PE","CABO DE SANTO AGOSTINHO"
"2019.2",2635690,"ENGENHARIA ELÉTRICA","CURSO DE BACHARELADO EM ENGENHARIA ELÉTRICAS PS","PESQUEIRA"
"2019.2",2675481,"CAPACITAÇÃO EM SISTEMAS FOTOVOLTÁICOS PARA MULHERES","CURSO DE CAPACITAÇÃO EM SISTEMAS FOTOVOLTAICOS PARA MULHERES","PESQUEIRA"
"2019.2",2675495,"ELETRÔNICA BÁSICA PARA ROBÓTICA","CURSO DE ELETRÔNICA BÁSICA PARA ROBÓTICA","PESQUEIRA"
"2019.1",2603757,"ESPANHOL","CURSO DE EXTENSÃO ESPANHOL III","ABREU E LIMA"
"2019.2",2675494,"INVESTIMENTO EM FÍSICA 1 PRÓ IFPE ÊXITO","CURSO DE EXTENSÃO INVESTIMENTO EM FÍSICA 1","PESQUEIRA"
"2019.2",2634190,"QUALIFICAÇÃO EM SUPORTE E MANUTENÇÃO DE COMPUTADORES","CURSO DE QUALIF EM SUPORTE E MANUTENÇÃO DE COMPUTADORES IF _ SEE  AF","AFOGADOS DA INGAZEIRA"
"2019.2",2631580,"QUALIFICAÇÃO PROFISSIONAL EM PANIFICAÇÃO E CONFEITARIA","CURSO DE QUALIFICAÇÃO EM PANIFICAÇÃO E CONFEITARIA _ PE - IF AF","AFOGADOS DA INGAZEIRA"
"2019.2",2635753,"ASSISTENTE ADMINISTRATIVO","CURSO DE QUALIFICAÇÃO PROFISSIONAL DE ASSISTENTE ADMINISTRATIVO SEE_PE PROEJA MULHERES _ SEE-PE","PAULISTA"
"2019.2",2635156,"OPERADOR INDUSTRIAL DE ALIMENTOS","CURSO DE QUALIFICAÇÃO PROFISSIONAL DE OPERADOR INDUSTRIAL EM ALIMENTOS - SEE","BELO JARDIM"
"2019.2",2640576,"ALMOXARIFE","CURSO DE QUALIFICAÇÃO PROFISSIONAL EM ALMOXARIFE PROEJA - SEE_PE","IGARASSU"
"2019.2",2640578,"OPERADOR DE COMPUTADOR","CURSO DE QUALIFICAÇÃO PROFISSIONAL EM OPERADOR DE COMPUTADOR - PROEJA SEE_PE","IGARASSU"
"2019.2",2635764,"OPERADOR DE COMPUTADOR","CURSO DE QUALIFICAÇÃO PROFISSIONAL EM OPERADOR DE COMPUTADOR - SEE _ PE","PAULISTA"
"2019.2",2636344,"OPERADOR DE COMPUTADOR","CURSO DE QUALIFICAÇÃO PROFISSIONAL EM OPERADOR DE COMPUTADOR PROEJA SEE_PE","PALMARES"
"2019.2",2628704,"QUALIFICAÇÃO PROFISSIONAL EM OPERADOR DE COMPUTADOR","CURSO DE QUALIFICAÇÃO PROFISSIONAL EM OPERADOR DE COMPUTADOR PROEJA_SEE-PE","GARANHUNS"
"2019.1",2602765,"ESPANHOL BÁSICO II","CURSO ESPANHOL BÁSICO II EXT CR","CARUARU"
"2019.1",2582953,"TÉCNICO EM AGROPECUÁRIA","CURSO INTEGRADO DE AGROPECUARIA  VT","VITÓRIA DE SANTO ANTÃO"
"2019.1",2592488,"ENGENHARIA MECÂNICA","CURSO SUPERIOR BACHARELADO EM ENGENHARIA MECÂNICA -CR","CARUARU"
"2019.1",2572585,"GESTÃO DA QUALIDADE","CURSO SUPERIOR DE TECNOLOGIA EM GESTÃO DA QUALIDADE","IGARASSU"
"2019.2",2631726,"GESTÃO DA QUALIDADE","CURSO SUPERIOR DE TECNOLOGIA EM GESTÃO DA QUALIDADE","IGARASSU"
"2020.1",2680850,"GESTÃO DA QUALIDADE","CURSO SUPERIOR DE TECNOLOGIA EM GESTÃO DA QUALIDADE","IGARASSU"
"2019.1",2585555,"TÉCNICO EM ELETROELETRÔNICA","CURSO TÉC ELETROELETRÔNICA  SUB 2014_1 GR","GARANHUNS"
"2019.2",2627744,"TÉCNICO EM ELETROELETRÔNICA","CURSO TÉC ELETROELETRÔNICA  SUB 2014_1 GR","GARANHUNS"
"2020.1",2675771,"TÉCNICO EM ELETROELETRÔNICA","CURSO TÉC ELETROELETRÔNICA  SUB 2014_1 GR","GARANHUNS"
"2019.1",2578401,"TÉCNICO EM SANEAMENTO","CURSO TEC EM SANEAMENTO INTEG_ REG RC 2014_1","RECIFE"
"2019.1",2592436,"TÉCNICO EM SEGURANÇA DO TRABALHO","CURSO TÉC EM SEGURANÇA DO TRABALHO SUB RC 2014_1","RECIFE"
"2019.2",2635631,"TÉCNICO EM SEGURANÇA DO TRABALHO","CURSO TÉC EM SEGURANÇA DO TRABALHO SUB RC 2014_1","RECIFE"
"2019.1",2593332,"TÉCNICO EM SEGURANÇA DO TRABALHO","CURSO TÉC INTEGRADO DE SEGURANÇA DO TRABALHO - RECIFE 2014_1","RECIFE"
"2019.2",2645642,"TÉCNICO EM SEGURANÇA DO TRABALHO","CURSO TÉC INTEGRADO DE SEGURANÇA DO TRABALHO - RECIFE 2014_1","RECIFE"
"2019.1",2582948,"TÉCNICO EM AGROINDÚSTRIA","CURSO TÉCNICO  INTEGRADO DE AGROINDUSTRIA  VT","VITÓRIA DE SANTO ANTÃO"
"2019.1",2571150,"TÉCNICO EM SANEAMENTO","CURSO TÉCNICO DE SANEAMENTO INTEGRADO - AF 2013","AFOGADOS DA INGAZEIRA"
"2020.1",2679919,"TÉCNICO EM SANEAMENTO","CURSO TÉCNICO DE SANEAMENTO INTEGRADO - AF 2013","AFOGADOS DA INGAZEIRA"
"2019.1",2580197,"TÉCNICO EM ADMINISTRAÇÃO","CURSO TÉCNICO EM ADMINISTRAÇÃO - PAULISTA","PAULISTA"
"2019.2",2628995,"TÉCNICO EM ADMINISTRAÇÃO","CURSO TÉCNICO EM ADMINISTRAÇÃO - PAULISTA","PAULISTA"
"2019.1",2582961,"TÉCNICO EM AGRICULTURA","CURSO TÉCNICO EM AGRICULTURA SUB VT 2012_1","VITÓRIA DE SANTO ANTÃO"
"2019.2",2629634,"TÉCNICO EM AGRICULTURA","CURSO TÉCNICO EM AGRICULTURA SUB VT 2012_1","VITÓRIA DE SANTO ANTÃO"
"2019.1",2582967,"TÉCNICO EM AGROINDÚSTRIA","CURSO TÉCNICO EM AGROINDUSTRIA - SUB  VT_ 2012_1","VITÓRIA DE SANTO ANTÃO"
"2019.2",2629632,"TÉCNICO EM AGROINDÚSTRIA","CURSO TÉCNICO EM AGROINDUSTRIA - SUB  VT_ 2012_1","VITÓRIA DE SANTO ANTÃO"
"2019.1",2577480,"TÉCNICO EM AGROINDÚSTRIA","CURSO TÉCNICO EM AGROINDÚSTRIA - SUBSEQUENTE - BJ","BELO JARDIM"
"2019.2",2635493,"TÉCNICO EM AGROINDÚSTRIA","CURSO TÉCNICO EM AGROINDÚSTRIA - SUBSEQUENTE - BJ","BELO JARDIM"
"2019.1",2577482,"TÉCNICO EM AGROINDÚSTRIA","CURSO TÉCNICO EM AGROINDÚSTRIA INT REG BJ 2012_1 ANUAL","BELO JARDIM"
"2019.1",2576526,"TÉCNICO EM AGROPECUÁRIA","CURSO TÉCNICO EM AGROPECUÁRIA - SUBSEQUENTE - BJ","BELO JARDIM"
"2019.2",2635498,"TÉCNICO EM AGROPECUÁRIA","CURSO TÉCNICO EM AGROPECUÁRIA - SUBSEQUENTE - BJ","BELO JARDIM"
"2019.1",2576651,"TÉCNICO EM AGROPECUÁRIA","CURSO TÉCNICO EM AGROPECUÁRIA INT REGULAR 2012_1 ANUAL","BELO JARDIM"
"2019.1",2580008,"TÉCNICO EM AGROPECUÁRIA","CURSO TÉCNICO EM AGROPECUÁRIA INT REGULAR 2012_1 ANUAL","BELO JARDIM"
"2019.1",2586149,"TÉCNICO EM AGROPECUÁRIA","CURSO TÉCNICO EM AGROPECUÁRIA INTEGRADO BR","BARREIROS"
"2020.1",2681235,"TÉCNICO EM AGROPECUÁRIA","CURSO TÉCNICO EM AGROPECUÁRIA INTEGRADO BR","BARREIROS"
"2019.1",2578931,"TÉCNICO EM ARTES VISUAIS","CURSO TÉCNICO EM ARTES VISUAIS - SUB OLINDA","OLINDA"
"2019.2",2639722,"TÉCNICO EM ARTES VISUAIS","CURSO TÉCNICO EM ARTES VISUAIS - SUB OLINDA","OLINDA"
"2019.2",2639718,"TÉCNICO EM ARTES VISUAIS","CURSO TÉCNICO EM ARTES VISUAIS - SUB OLINDA","OLINDA"
"2020.1",2674621,"TÉCNICO EM ARTES VISUAIS","CURSO TÉCNICO EM ARTES VISUAIS - SUB OLINDA","OLINDA"
"2020.1",2674622,"TÉCNICO EM ARTES VISUAIS","CURSO TÉCNICO EM ARTES VISUAIS - SUB OLINDA","OLINDA"
"2019.1",2578938,"TÉCNICO EM COMPUTAÇÃO GRÁFICA","CURSO TÉCNICO EM COMPUTAÇÃO GRÁFICA - SUB OLINDA","OLINDA"
"2019.2",2639735,"TÉCNICO EM COMPUTAÇÃO GRÁFICA","CURSO TÉCNICO EM COMPUTAÇÃO GRÁFICA - SUB OLINDA","OLINDA"
"2019.2",2639736,"TÉCNICO EM COMPUTAÇÃO GRÁFICA","CURSO TÉCNICO EM COMPUTAÇÃO GRÁFICA - SUB OLINDA","OLINDA"
"2020.1",2674623,"TÉCNICO EM COMPUTAÇÃO GRÁFICA","CURSO TÉCNICO EM COMPUTAÇÃO GRÁFICA - SUB OLINDA","OLINDA"
"2020.1",2674759,"TÉCNICO EM COMPUTAÇÃO GRÁFICA","CURSO TÉCNICO EM COMPUTAÇÃO GRÁFICA - SUB OLINDA","OLINDA"
"2019.1",2591804,"TÉCNICO EM CONSTRUÇÃO NAVAL","CURSO TÉCNICO EM CONSTRUÇÃO NAVAL","IPOJUCA"
"2019.2",2649336,"TÉCNICO EM CONSTRUÇÃO NAVAL","CURSO TÉCNICO EM CONSTRUÇÃO NAVAL","IPOJUCA"
"2019.1",2591805,"TÉCNICO EM EDIFICAÇÕES","CURSO TÉCNICO EM EDIFICAÇÕES - INT CR","CARUARU"
"2019.1",2585549,"TÉCNICO EM ELETROELETRÔNICA","CURSO TÉCNICO EM ELETROELETRÔNICA - INT GR","GARANHUNS"
"2020.1",2675769,"TÉCNICO EM ELETROELETRÔNICA","CURSO TÉCNICO EM ELETROELETRÔNICA - INT GR","GARANHUNS"
"2019.2",2643899,"TÉCNICO EM ENFERMAGEM","CURSO TÉCNICO EM ENFERMAGEM","ABREU E LIMA"
"2019.1",2596196,"TÉCNICO EM HOSPEDAGEM","CURSO TÉCNICO EM HOSPEDAGEM","CABO DE SANTO AGOSTINHO"
"2019.2",2649908,"TÉCNICO EM HOSPEDAGEM","CURSO TÉCNICO EM HOSPEDAGEM","CABO DE SANTO AGOSTINHO"
"2019.1",2591553,"TÉCNICO EM HOSPEDAGEM","CURSO TÉCNICO EM HOSPEDAGEM SUB BR","BARREIROS"
"2020.1",2682098,"TÉCNICO EM HOSPEDAGEM","CURSO TÉCNICO EM HOSPEDAGEM SUB BR","BARREIROS"
"2019.1",2585552,"TÉCNICO EM INFORMÁTICA","CURSO TÉCNICO EM INFORMÁTICA - INTEGRADO","GARANHUNS"
"2020.1",2675770,"TÉCNICO EM INFORMÁTICA","CURSO TÉCNICO EM INFORMÁTICA - INTEGRADO","GARANHUNS"
"2020.1",2677472,"TÉCNICO EM INFORMÁTICA PARA INTERNET","CURSO TÉCNICO EM INFORMÁTICA PARA INTERNET","PALMARES"
"2019.1",2576661,"TÉCNICO EM INFORMÁTICA PARA INTERNET","CURSO TÉCNICO EM INFORMÁTICA PARA INTERNET INT REG ANUAL 2012_1 - BJ","BELO JARDIM"
"2019.1",2576655,"TÉCNICO EM INFORMÁTICA PARA INTERNET","CURSO TÉCNICO EM INFORMÁTICA PARA INTERNET SUB 2014_1","BELO JARDIM"
"2019.1",2572582,"TÉCNICO EM INFORMÁTICA PARA INTERNET","CURSO TÉCNICO EM INFORMÁTICA PARA INTERNET SUB IGARASSU","IGARASSU"
"2019.2",2631713,"TÉCNICO EM INFORMÁTICA PARA INTERNET","CURSO TÉCNICO EM INFORMÁTICA PARA INTERNET SUB IGARASSU","IGARASSU"
"2020.1",2680836,"TÉCNICO EM INFORMÁTICA PARA INTERNET","CURSO TÉCNICO EM INFORMÁTICA PARA INTERNET SUB IGARASSU","IGARASSU"
"2019.1",2604048,"TÉCNICO EM INFORMÁTICA PARA INTERNET","CURSO TÉCNICO EM INFORMÁTICA PARA INTERNET SUB JG","JABOATÃO DOS GUARARAPES"
"2019.2",2651020,"TÉCNICO EM INFORMÁTICA PARA INTERNET","CURSO TÉCNICO EM INFORMÁTICA PARA INTERNET SUB JG","JABOATÃO DOS GUARARAPES"
"2019.1",2585558,"TÉCNICO EM INFORMÁTICA","CURSO TÉCNICO EM INFORMÁTICA SUB 2014_1 - GR","GARANHUNS"
"2019.1",2596197,"TÉCNICO EM LOGÍSTICA","CURSO TÉCNICO EM LOGÍSTICA","CABO DE SANTO AGOSTINHO"
"2019.2",2670414,"TÉCNICO EM LOGÍSTICA","CURSO TÉCNICO EM LOGÍSTICA","CABO DE SANTO AGOSTINHO"
"2019.1",2572584,"TÉCNICO EM LOGÍSTICA","CURSO TÉCNICO EM LOGÍSTICA - SUB IGARASSU","IGARASSU"
"2019.2",2631718,"TÉCNICO EM LOGÍSTICA","CURSO TÉCNICO EM LOGÍSTICA - SUB IGARASSU","IGARASSU"
"2020.1",2682335,"TÉCNICO EM LOGÍSTICA","CURSO TÉCNICO EM LOGÍSTICA - SUB IGARASSU","IGARASSU"
"2019.1",2580221,"TÉCNICO EM MANUTENÇÃO E SUPORTE EM INFORMÁTICA","CURSO TÉCNICO EM MANUTENÇÃO E SUPORTE EM INFORMÁTICA - PL","PAULISTA"
"2019.2",2628998,"TÉCNICO EM MANUTENÇÃO E SUPORTE EM INFORMÁTICA","CURSO TÉCNICO EM MANUTENÇÃO E SUPORTE EM INFORMÁTICA - PL","PAULISTA"
"2019.1",2574190,"TÉCNICO EM MANUTENÇÃO E SUPORTE EM INFORMÁTICA","CURSO TÉCNICO EM MANUTENÇÃO E SUPORTE EM INFORMÁTICA - SUB PM","PALMARES"
"2019.2",2629460,"TÉCNICO EM MANUTENÇÃO E SUPORTE EM INFORMÁTICA","CURSO TÉCNICO EM MANUTENÇÃO E SUPORTE EM INFORMÁTICA - SUB PM","PALMARES"
"2020.1",2677475,"TÉCNICO EM MANUTENÇÃO E SUPORTE EM INFORMÁTICA","CURSO TÉCNICO EM MANUTENÇÃO E SUPORTE EM INFORMÁTICA - SUB PM","PALMARES"
"2019.1",2592020,"TÉCNICO EM MECATRÔNICA","CURSO TÉCNICO EM MECATRÔNICA - INTEGRADO CR - INT","CARUARU"
"2019.2",2642004,"TÉCNICO EM MECATRÔNICA","CURSO TÉCNICO EM MECATRÔNICA - SUB CR","CARUARU"
"2019.1",2585550,"TÉCNICO EM MEIO AMBIENTE","CURSO TÉCNICO EM MEIO AMBIENTE - INT  GR 2013_1","GARANHUNS"
"2020.1",2675768,"TÉCNICO EM MEIO AMBIENTE","CURSO TÉCNICO EM MEIO AMBIENTE - INT  GR 2013_1","GARANHUNS"
"2019.1",2596198,"TÉCNICO EM MEIO AMBIENTE","CURSO TÉCNICO EM MEIO AMBIENTE SUB","CABO DE SANTO AGOSTINHO"
"2019.2",2649909,"TÉCNICO EM MEIO AMBIENTE","CURSO TÉCNICO EM MEIO AMBIENTE SUB","CABO DE SANTO AGOSTINHO"
"2019.1",2585560,"TÉCNICO EM MEIO AMBIENTE","CURSO TÉCNICO EM MEIO AMBIENTE SUB 2014_1  GR","GARANHUNS"
"2019.2",2627742,"TÉCNICO EM MEIO AMBIENTE","CURSO TÉCNICO EM MEIO AMBIENTE SUB 2014_1  GR","GARANHUNS"
"2020.1",2675772,"TÉCNICO EM MEIO AMBIENTE","CURSO TÉCNICO EM MEIO AMBIENTE SUB 2014_1  GR","GARANHUNS"
"2019.1",2591801,"TÉCNICO EM PETROQUÍMICA","CURSO TÉCNICO EM PETROQUÍMICA","IPOJUCA"
"2019.2",2661285,"TÉCNICO EM PETROQUÍMICA","CURSO TÉCNICO EM PETROQUÍMICA","IPOJUCA"
"2019.1",2604052,"TÉCNICO EM QUALIDADE","CURSO TÉCNICO EM QUALIDADE SUB JG","JABOATÃO DOS GUARARAPES"
"2019.2",2649694,"TÉCNICO EM QUALIDADE","CURSO TÉCNICO EM QUALIDADE SUB JG","JABOATÃO DOS GUARARAPES"
"2019.1",2578410,"TÉCNICO EM SANEAMENTO","CURSO TÉCNICO EM SANEAMENTO SUB 2014_1","RECIFE"
"2019.2",2671186,"TÉCNICO EM SANEAMENTO","CURSO TÉCNICO EM SANEAMENTO SUB 2014_1","RECIFE"
"2019.1",2591887,"TÉCNICO EM SEGURANÇA DO TRABALHO","CURSO TÉCNICO EM SEGURANÇA DO TRABALHO INT - CR","CARUARU"
"2019.1",2580858,"TÉCNICO EM TELECOMUNICAÇÕES","CURSO TÉCNICO EM TELECOMUNICAÇÃO SUB 2013_2","RECIFE"
"2019.2",2649730,"TÉCNICO EM TELECOMUNICAÇÕES","CURSO TÉCNICO EM TELECOMUNICAÇÃO SUB 2013_2","RECIFE"
"2019.1",2582966,"TÉCNICO EM ZOOTECNIA","CURSO TÉCNICO EM ZOOTECNIA - SUB VT 2012_1","VITÓRIA DE SANTO ANTÃO"
"2019.2",2629629,"TÉCNICO EM ZOOTECNIA","CURSO TÉCNICO EM ZOOTECNIA - SUB VT 2012_1","VITÓRIA DE SANTO ANTÃO"
"2019.1",2571149,"TÉCNICO EM INFORMÁTICA","CURSO TÉCNICO INTEGRADO DE INFORMÁTICA  AF 2013","AFOGADOS DA INGAZEIRA"
"2020.1",2679918,"TÉCNICO EM INFORMÁTICA","CURSO TÉCNICO INTEGRADO DE INFORMÁTICA  AF 2013","AFOGADOS DA INGAZEIRA"
"2019.1",2608762,"TÉCNICO EM MECÂNICA","CURSO TÉCNICO INTEGRADO DE MECÂNICA 2014_1","RECIFE"
"2019.1",2580839,"TÉCNICO EM ELETRÔNICA","CURSO TÉCNICO INTEGRADO EM ELETRÔNICA RC_","RECIFE"
"2019.2",2649719,"TÉCNICO EM ELETRÔNICA","CURSO TÉCNICO INTEGRADO EM ELETRÔNICA RC_","RECIFE"
"2019.1",2608757,"TÉCNICO EM QUÍMICA","CURSO TÉCNICO INTEGRADO EM QUÍMICA 2014_1","RECIFE"
"2019.2",2640323,"TÉCNICO EM QUÍMICA","CURSO TÉCNICO INTEGRADO EM QUÍMICA 2014_1","RECIFE"
"2019.1",2581925,"TÉCNICO EM EDIFICAÇÕES","EDIFICAÇÕES- INTEGRADO","PESQUEIRA"
"2019.1",2581452,"TÉCNICO EM EDIFICAÇÕES","EDIFICAÇÕES - SUB","PESQUEIRA"
"2019.2",2635713,"TÉCNICO EM EDIFICAÇÕES","EDIFICAÇÕES - SUB","PESQUEIRA"
"2019.1",2596560,"ELEMENTOS BÁSICOS DE FONÉTICA E FONOLOGIA VISANDO À ORTOGRAFIA E À ACENTUAÇÃO GRÁFICA","ELEMENTOS BÁSICOS DE FONÉTICA E FONOLOGIA VISANDO À ACENTUAÇÃO GRÁFICA - PS EXT","PESQUEIRA"
"2019.1",2581422,"TÉCNICO EM ELETROTÉCNICA","ELETROTÉCNICA - SUB","PESQUEIRA"
"2019.1",2581932,"TÉCNICO EM ELETROTÉCNICA","ELETROTÉCNICA INTEGRADO PS","PESQUEIRA"
"2019.1",2608770,"ENGENHARIA MECÂNICA","ENGENHARIA MECÂNICA","RECIFE"
"2019.1",2603292,"ESPANHOL INTERMEDIÁRIO II","ESPANHOL INTERMEDIÁRIO II EXT CR","CARUARU"
"2019.2",2652644,"DESENVOLVIMENTO, INOVAÇÃO E TECNOLOGIA EMERGENTES","ESPECIALIZAÇÃO EM DESENVOLVIMENTO,INOVAÇÃO E TECNOLOGIAS EMERGENTES","JABOATÃO DOS GUARARAPES"
"2019.2",2659185,"EDUCAÇÃO AMBIENTAL E CULTURAL","ESPECIALIZAÇÃO EM EDUCAÇÃO AMBIENTAL E CULTURAL","RECIFE"
"2019.2",2635839,"ESPECIALIZAÇÃO LATU SENSU EM EDUCAÇÃO DO CAMPO","ESPECIALIZAÇÃO EM EDUCAÇÃO DO CAMPO","AFOGADOS DA INGAZEIRA"
"2019.1",2592684,"PÓS-GRADUAÇÃO LATO SENSU EM ENGENHARIA DE SEGURANÇA DO TRABALHO","ESPECIALIZAÇÃO EM ENGENHARIA DE SEGURANÇA DO TRABALHO - CR","CARUARU"
"2019.2",2641105,"ENSINO DA MATEMÁTICA NO ENSINO MÉDIO","ESPECIALIZAÇÃO EM ENSINO DE MATEMÁTICA PARA O ENS_ MÉDIO  -  EAD","EAD"
"2019.2",2652698,"GESTÃO E QUALIDADE EM TECNOLOGIA DA INFORMAÇÃO E COMUNICAÇÃO","ESPECIALIZAÇÃO EM GESTÃO E QUALIDADE EM TECNOLOGIA DA INFORMAÇÃO E COMUNICAÇÃO","JABOATÃO DOS GUARARAPES"
"2019.2",2628113,"GESTÃO PÚBLICA","ESPECIALIZAÇÃO EM GESTÃO PÚBLICA - EAD","EAD"
"2019.2",2629181,"LINGUAGEM E PRÁTICAS SOCIAIS","ESPECIALIZAÇÃO EM LINGUAGEM E PRÁTICAS SOCIAIS","GARANHUNS"
"2019.1",2640137,"ESPECIALIZAÇÃO EM MATEMÁTICA","ESPECIALIZAÇÃO EM MATEMÁTICA - BR","BARREIROS"
"2019.2",2648762,"FORALECIMENTO DA AGRICULTURA FAMILIAR COM A CRIAÇÃO DE AVES CAIPIRAS E APICULTURA","FORTALECIMENTO DA AGRICULTURA FAMILIAR COM A CRIAÇÃO DE AVES CAIPIRAS E APICULTURA","BELO JARDIM"
"2019.2",2650863,"FORALECIMENTO DA AGRICULTURA FAMILIAR COM A CRIAÇÃO DE AVES CAIPIRAS E APICULTURA","FORTALECIMENTO DA AGRICULTURA FAMILIAR COM A CRIAÇÃO DE AVES CAIPIRAS E APICULTURA","BELO JARDIM"
"2019.2",2658289,"INGLÊS COMUNICATIVO","INGLÊS COMUNICATIVO","IGARASSU"
"2019.1",2608932,"INGLÊS 2","INGLÊS PRÉ - INTERMEDIÁRIO II","PESQUEIRA"
"2019.1",2596568,"KARATÊ","KARATÊ, UMA FILOSOFIA DE VIDA EXTPS","PESQUEIRA"
"2019.1",2571181,"LICENCIATURA EM COMPUTAÇÃO","LICENCIATURA EM COMPUTAÇÃO - AF","AFOGADOS DA INGAZEIRA"
"2019.2",2631581,"LICENCIATURA EM COMPUTAÇÃO","LICENCIATURA EM COMPUTAÇÃO - AF","AFOGADOS DA INGAZEIRA"
"2020.1",2679901,"LICENCIATURA EM COMPUTAÇÃO","LICENCIATURA EM COMPUTAÇÃO - AF","AFOGADOS DA INGAZEIRA"
"2019.1",2581254,"FÍSICA","LICENCIATURA EM FÍSICA","PESQUEIRA"
"2019.1",2592443,"GEOGRAFIA","LICENCIATURA EM GEOGRAFIA","RECIFE"
"2019.2",2628203,"GEOGRAFIA","LICENCIATURA EM GEOGRAFIA - EAD 2014_1","EAD"
"2019.1",2581300,"MATEMÁTICA","LICENCIATURA EM MATEMÁTICA","PESQUEIRA"
"2019.1",2578019,"MÚSICA","LICENCIATURA EM MÚSICA BJ 20141","BELO JARDIM"
"2019.1",2592244,"QUÍMICA","LICENCIATURA EM QUÍMICA","IPOJUCA"
"2019.1",2591689,"QUÍMICA","LICENCIATURA EM QUÍMICA","BARREIROS"
"2020.1",2682839,"QUÍMICA","LICENCIATURA EM QUÍMICA","BARREIROS"
"2019.1",2582944,"QUÍMICA","LICENCIATURA PLENA EM QUÍMICA VT 2014_1","VITÓRIA DE SANTO ANTÃO"
"2019.2",2675470,"LINGUA INGLESA INTERMEDIARIO I","LÍNGUA INGLESA - INTERMEDIÁRIO I","PESQUEIRA"
"2019.2",2639750,"MESTRADO PROFISSIONAL EM EDUCAÇÃO PROFISSIONAL E TECNOLÓGICA EM REDE NACIONAL (PROFEPT)","MESTRADO PROFISSIONAL EM EDUCAÇÃO PROFISSIONAL E TECNOLOGICA EM REDE NACIONAL","OLINDA"
"2019.1",2673813,"MESTRADO PROFISSIONAL EM GESTÃO AMBIENTAL","MESTRADO PROFISSIONAL EM GESTÃO AMBIENTAL - RC","RECIFE"
"2019.2",2671235,"ESPECIALIZAÇÃO EM PRÁTICAS INTERPRETATIVAS EM MÚSICA POPULAR COM ÊNFASE EM FREVO","PÓS-GRADUAÇÃO LATO SENSU EM PRÁTICAS INTERPRETATIVAS EM MÚSICA POPULAR COM ÊNFASE NO FREVO","RECIFE"
"2019.1",2608962,"PROIFPE PERMANÊNCIA","PRÉ CÁLCULO","PESQUEIRA"
"2019.1",2609007,"PRO IFPE PERMANÊNCIA","PRÉ FÍSICA - PS","PESQUEIRA"
"2019.2",2675446,"PREMISSAS DA PESQUISA QUALITATIVA EM SAÚDE","PREMISSAS DA PESQUISA QUALITATIVA EM SAÚDE","PESQUEIRA"
"2019.1",2611934,"PRO","PRO-ENEM-IFPE 2019 - BJ","BELO JARDIM"
"2019.1",2591737,"OPERADOR DE COMPUTADOR NA MODALIDADE PROEJA","PROEJA - ENS_ MED_ PROF_ EM OPERADOR DE COMPUTAÇÃO","BARREIROS"
"2020.1",2681579,"OPERADOR DE COMPUTADOR NA MODALIDADE PROEJA","PROEJA - ENS_ MED_ PROF_ EM OPERADOR DE COMPUTAÇÃO","BARREIROS"
"2019.2",2670376,"AGENTE DE INFORMAÇÕES TURÍSTICAS","QUALIFICAÇÃO PROFISSIONAL EM AGENTE DE INFORMAÇÕES TURÍSTICAS","CABO DE SANTO AGOSTINHO"
"2019.2",2635296,"CUIDADOR DE IDOSO","QUALIFICAÇÃO PROFISSIONAL EM CUIDADOR DE IDOSO - PROEJA","ABREU E LIMA"
"2019.2",2647377,"QUALIFICAÇÃO PROFISSIONAL EM MANUTENÇÃO E SUPORTE EM INFORMÁTICA","QUALIFICAÇÃO PROFISSIONAL EM MANUTENÇÃO E SUPORTE EM INFORMÁTICA - SEE  VT","VITÓRIA DE SANTO ANTÃO"
"2019.1",2608765,"TÉCNICO EM REFRIGERAÇÃO E CLIMATIZAÇÃO","REFRIGERAÇÃO E CLIMATIZAÇÃO - SUB","RECIFE"
"2019.2",2640318,"TÉCNICO EM REFRIGERAÇÃO E CLIMATIZAÇÃO","REFRIGERAÇÃO E CLIMATIZAÇÃO - SUB","RECIFE"
"2019.1",2585563,"ENGENHARIA ELÉTRICA","SUPERIOR BACHARELADO EM ENGENHARIA ELÉTRICA","GARANHUNS"
"2020.1",2675764,"ENGENHARIA ELÉTRICA","SUPERIOR BACHARELADO EM ENGENHARIA ELÉTRICA","GARANHUNS"
"2019.1",2582943,"AGRONOMIA","SUPERIOR DE BACHARELADO EM AGRONOMIA","VITÓRIA DE SANTO ANTÃO"
"2019.2",2628213,"MATEMÁTICA","SUPERIOR DE LICENCIATURA EM MATEMÁTICA - EAD","EAD"
"2019.1",2592986,"AGROECOLOGIA","SUPERIOR DE TECNOLOGIA EM AGROECOLOGIA","BARREIROS"
"2020.1",2682779,"AGROECOLOGIA","SUPERIOR DE TECNOLOGIA EM AGROECOLOGIA","BARREIROS"
"2019.1",2580867,"ANÁLISE E DESENVOLVIMENTO DE SISTEMAS","SUPERIOR DE TECNOLOGIA EM ANÁLISE E DESENVOLVIMENTO DE SISTEMAS","RECIFE"
"2019.2",2649707,"ANÁLISE E DESENVOLVIMENTO DE SISTEMAS","SUPERIOR DE TECNOLOGIA EM ANÁLISE E DESENVOLVIMENTO DE SISTEMAS","RECIFE"
"2019.2",2638178,"DESIGN GRÁFICO","SUPERIOR DE TECNOLOGIA EM DESIGN GRÁFICO","RECIFE"
"2019.1",2592416,"GESTÃO AMBIENTAL","SUPERIOR DE TECNOLOGIA EM GESTÃO AMBIENTAL","RECIFE"
"2019.2",2638114,"GESTÃO AMBIENTAL","SUPERIOR DE TECNOLOGIA EM GESTÃO AMBIENTAL","RECIFE"
"2019.1",2575384,"GESTÃO DE TURISMO","SUPERIOR DE TECNOLOGIA EM GESTÃO DE TURISMO","RECIFE"
"2019.2",2636508,"GESTÃO DE TURISMO","SUPERIOR DE TECNOLOGIA EM GESTÃO DE TURISMO","RECIFE"
"2019.2",2638172,"RADIOLOGIA","SUPERIOR DE TECNOLOGIA EM RADIOLOGIA","RECIFE"
"2019.2",2675431,"TÉCNICA VOCAL E CANTO E CORAL","TÉCNICA VOCAL E CANTO CORAL","PESQUEIRA"
"2019.1",2600143,"TÉCNICA VOCAL, CANTO CORAL E EXPRESSÃO VOCAL_CORPORAL","TÉCNICA VOCAL PARA CANTO INDIVIDUAL,CANTO CORAL E DE PRÁTICA EM CONJUNTO - PS","PESQUEIRA"
"2019.1",2571185,"TÉCNICO EM AGROINDÚSTRIA","TÉCNICO EM AGROINDÚSTRIA SUB AF 2012","AFOGADOS DA INGAZEIRA"
"2019.2",2631577,"TÉCNICO EM AGROINDÚSTRIA","TÉCNICO EM AGROINDÚSTRIA SUB AF 2012","AFOGADOS DA INGAZEIRA"
"2020.1",2679886,"TÉCNICO EM AGROINDÚSTRIA","TÉCNICO EM AGROINDÚSTRIA SUB AF 2012","AFOGADOS DA INGAZEIRA"
"2019.1",2590905,"TÉCNICO EM ALIMENTOS","TÉCNICO EM ALIMENTOS - INTEGRADO","BARREIROS"
"2020.1",2682362,"TÉCNICO EM ALIMENTOS","TÉCNICO EM ALIMENTOS - INTEGRADO","BARREIROS"
"2019.1",2591809,"TÉCNICO EM AUTOMAÇÃO INDUSTRIAL","TÉCNICO EM AUTOMAÇÃO INDUSTRIAL - SUB","IPOJUCA"
"2019.2",2660878,"TÉCNICO EM AUTOMAÇÃO INDUSTRIAL","TÉCNICO EM AUTOMAÇÃO INDUSTRIAL - SUB","IPOJUCA"
"2019.1",2596195,"TÉCNICO EM COZINHA","TÉCNICO EM COZINHA","CABO DE SANTO AGOSTINHO"
"2019.2",2649906,"TÉCNICO EM COZINHA","TÉCNICO EM COZINHA","CABO DE SANTO AGOSTINHO"
"2019.2",2641957,"TÉCNICO EM EDIFICAÇÕES","TECNICO EM EDIFICAÇÕES - SUB","CARUARU"
"2019.1",2578399,"TÉCNICO EM EDIFICAÇÕES","TÉCNICO EM EDIFICAÇÕES INTEG_ REG - RC 2014_1","RECIFE"
"2019.1",2578406,"TÉCNICO EM EDIFICAÇÕES","TÉCNICO EM EDIFICAÇÕES SUB RC 2014_1","RECIFE"
"2019.2",2671138,"TÉCNICO EM EDIFICAÇÕES","TÉCNICO EM EDIFICAÇÕES SUB RC 2014_1","RECIFE"
"2019.1",2571187,"TÉCNICO EM ELETROELETRÔNICA","TÉCNICO EM ELETROELETRÔNICA 2013  SUB","AFOGADOS DA INGAZEIRA"
"2019.2",2631578,"TÉCNICO EM ELETROELETRÔNICA","TÉCNICO EM ELETROELETRÔNICA 2013  SUB","AFOGADOS DA INGAZEIRA"
"2020.1",2679888,"TÉCNICO EM ELETROELETRÔNICA","TÉCNICO EM ELETROELETRÔNICA 2013  SUB","AFOGADOS DA INGAZEIRA"
"2019.1",2580840,"TÉCNICO EM ELETRÔNICA","TÉCNICO EM ELETRÔNICA SUB  RECIFE","RECIFE"
"2019.2",2649723,"TÉCNICO EM ELETRÔNICA","TÉCNICO EM ELETRÔNICA SUB  RECIFE","RECIFE"
"2019.1",2580854,"TÉCNICO EM ELETROTÉCNICA","TÉCNICO EM ELETROTÉCNICA INTEG 2014_1","RECIFE"
"2019.2",2649726,"TÉCNICO EM ELETROTÉCNICA","TÉCNICO EM ELETROTÉCNICA INTEG 2014_1","RECIFE"
"2019.1",2580857,"TÉCNICO EM ELETROTÉCNICA","TÉCNICO EM ELETROTÉCNICA SUB 2014_1","RECIFE"
"2019.2",2649729,"TÉCNICO EM ELETROTÉCNICA","TÉCNICO EM ELETROTÉCNICA SUB 2014_1","RECIFE"
"2019.1",2577474,"TÉCNICO EM ENFERMAGEM","TÉCNICO EM ENFERMAGEM - SUB 2010_2","BELO JARDIM"
"2019.2",2628198,"TÉCNICO EM MANUTENÇÃO E SUPORTE EM INFORMÁTICA","TÉCNICO EM MANUTENÇÃO E SUPORTE EM INFORMÁTICA - EAD 2014_1","EAD"
"2019.1",2608764,"TÉCNICO EM MECÂNICA","TÉCNICO EM MECÂNICA - SUB 2014_1","RECIFE"
"2019.2",2640315,"TÉCNICO EM MECÂNICA","TÉCNICO EM MECÂNICA - SUB 2014_1","RECIFE"
"2019.1",2591807,"TÉCNICO EM QUÍMICA","TÉCNICO EM QUÍMICA - SUB_","IPOJUCA"
"2019.2",2661257,"TÉCNICO EM QUÍMICA","TÉCNICO EM QUÍMICA - SUB_","IPOJUCA"
"2019.1",2608759,"TÉCNICO EM QUÍMICA","TÉCNICO EM QUÍMICA SUB - RC","RECIFE"
"2019.2",2640319,"TÉCNICO EM QUÍMICA","TÉCNICO EM QUÍMICA SUB - RC","RECIFE"
"2019.1",2574192,"TÉCNICO EM REDES DE COMPUTADORES","TÉCNICO EM REDES DE COMPUTADORES","PALMARES"
"2019.2",2629462,"TÉCNICO EM REDES DE COMPUTADORES","TÉCNICO EM REDES DE COMPUTADORES","PALMARES"
"2020.1",2677476,"TÉCNICO EM REDES DE COMPUTADORES","TÉCNICO EM REDES DE COMPUTADORES","PALMARES"
"2019.1",2571186,"TÉCNICO EM SANEAMENTO","TÉCNICO EM SANEAMENTO SUB 2012 1","AFOGADOS DA INGAZEIRA"
"2019.2",2631579,"TÉCNICO EM SANEAMENTO","TÉCNICO EM SANEAMENTO SUB 2012 1","AFOGADOS DA INGAZEIRA"
"2020.1",2679893,"TÉCNICO EM SANEAMENTO","TÉCNICO EM SANEAMENTO SUB 2012 1","AFOGADOS DA INGAZEIRA"
"2019.1",2580603,"TÉCNICO EM SEGURANÇA DO TRABALHO","TÉCNICO EM SEGURANÇA DO TRABALHO","ABREU E LIMA"
"2019.2",2635303,"TÉCNICO EM SEGURANÇA DO TRABALHO","TÉCNICO EM SEGURANÇA DO TRABALHO","ABREU E LIMA"
"2020.1",2682708,"TÉCNICO EM SEGURANÇA DO TRABALHO","TÉCNICO EM SEGURANÇA DO TRABALHO","ABREU E LIMA"
"2019.1",2591806,"TÉCNICO EM SEGURANÇA DO TRABALHO","TÉCNICO EM SEGURANÇA DO TRABALHO - SUB","IPOJUCA"
"2019.2",2660889,"TÉCNICO EM SEGURANÇA DO TRABALHO","TÉCNICO EM SEGURANÇA DO TRABALHO - SUB","IPOJUCA"
"2019.1",2592254,"TÉCNICO EM SEGURANÇA DO TRABALHO","TÉCNICO EM SEGURANÇA DO TRABALHO CR - SUB","CARUARU"
"2019.2",2642005,"TÉCNICO EM SEGURANÇA DO TRABALHO","TÉCNICO EM SEGURANÇA DO TRABALHO CR - SUB","CARUARU"
"2019.2",2630974,"ANÁLISE E DESENVOLVIMENTO DE SISTEMAS","TECNOLOGIA EM ANÁLISE E DESENVIMENTO DE SISTEMAS - GR","GARANHUNS"
"2020.1",2675761,"ANÁLISE E DESENVOLVIMENTO DE SISTEMAS","TECNOLOGIA EM ANÁLISE E DESENVIMENTO DE SISTEMAS - GR","GARANHUNS"
"2019.2",2635826,"ANÁLISE E DESENVOLVIMENTO DE SISTEMAS","TECNOLOGIA EM ANÁLISE E DESENVOLVIMENTO DE SISTEMA - PL","PAULISTA"
"2019.1",2596199,"HOTELARIA","TECNOLOGIA EM HOTELARIA - CB","CABO DE SANTO AGOSTINHO"
"2019.1",2599381,"PROCESSOS GERENCIAIS","TECNOLOGIA EM PROCESSOS GERENCIAIS - PL","PAULISTA"
"2020.1",2682345,"SISTEMAS PARA INTERNET","TECNOLOGIA EM SISTEMAS PARA INTERNET","IGARASSU"
