"NO_ALUNO";"CO_CICLO_MATRICULA";"NO_STATUS_MATRICULA";"NU_CPF"
"hETnhy gEWmOb AVTvXJ";"1842217";"CONCLUÍDA";18622080553
"weJLzA tNkOUI coLkic";"1842217";"CONCLUÍDA";23749783489
"KMBNyh HwzuuF BHdUKn";"1842217";"ABANDONO";98182920486
"gfpMiw goHdLD dRaUye";"1842217";"ABANDONO";69780694558
"jYihjt VoviBC hZNSQz";"1842217";"ABANDONO";17889431370
"eeqoXj jFrmWT LKAkay";"1842217";"CONCLUÍDA";5420503532
"pXRRNh zbyGXI IdHnFs";"1842217";"CONCLUÍDA";54117979501
"JQcKPT VGmhKd srLTeJ";"1842217";"CONCLUÍDA";54543086746
"lBviHm MwGEpk OdqSRY";"1842217";"ABANDONO";92416237643
"XITPGp diKBQd XZaxfj";"1842217";"ABANDONO";19979563999
"BqdfZG xDPyDN jZsrLR";"1842217";"CONCLUÍDA";9054029960
"TScUsY njmOQo puzQZT";"1842217";"ABANDONO";88700374054
"vrMRdI clTRMP UkILRC";"1842217";"CONCLUÍDA";51110169604
"nftMAa iAmmFT ROuHDx";"1842217";"DESLIGADO";33358901983
"iqDEfn xyHiHo FqcxSI";"1842217";"ABANDONO";31638665713
"IwCgdE lBvEKe JhWzoe";"1842217";"ABANDONO";41914191966
"RYmdqj xAVajY JRbsCd";"1842217";"ABANDONO";43358799222
"pwsaHx lPtFbb eKpNOC";"1842217";"CONCLUÍDA";46669539245
"USEdKk efuYxR mfZOjp";"1842217";"ABANDONO";23594165550
"SzwaEb wuTxJo iwBMNd";"1842217";"ABANDONO";61638910156
"pSTNLo ntbMxp wreCMi";"1842217";"ABANDONO";42401724359
"OnpNUn SccdiK RdjKka";"1842217";"ABANDONO";98482877441
"ZojVzr BPmLzA vMIRJD";"1842217";"ABANDONO";50054190553
"qSyBNd LPTdlG ygyotT";"1842217";"ABANDONO";24848200069
"lFbnyV UOzajy TOQuDl";"1842217";"ABANDONO";23786762543
"NiPIbO peWhZd JiFkgs";"1842217";"ABANDONO";81875521363
"hPAgZC bDKVNM LoLupM";"1842217";"ABANDONO";46401427587
"ecuIqh PhUejL lTxdZf";"1842217";"ABANDONO";34425696214
"nSHoUj yQNgTJ hyYDLW";"1842217";"ABANDONO";20466048541
"RnPgoN OrkfCD NRuGLG";"1842217";"ABANDONO";61717360661
"nVdPbT YSIdzJ CeCLMw";"1842217";"CONCLUÍDA";56401284490
"iHbUcS mkTSuJ AEZpWu";"1842217";"ABANDONO";20868312976
"eukDBl AjDRYE iwAHsq";"1842217";"INTEGRALIZADA";92141203268
"SqMOPA CybmJW TkokaI";"1842217";"ABANDONO";80149840748
"YZvcKZ quaBEP aKRLto";"1842217";"ABANDONO";58938341046
"cPdqwU HEFeKF wMnRrO";"1842217";"ABANDONO";65384691103
"moMAcn dlvowb pSFWpJ";"1842217";"ABANDONO";36570095166
"JePhpa ErZwQs tsiTfg";"1842217";"ABANDONO";68939544498
"wioxoM dGzvFp XROLKZ";"1842217";"ABANDONO";37274291405
"bWDblo RiKMDx KwPxEV";"1842217";"INTEGRALIZADA";53704583222
"WRPKUk cxwHcq ebgqjI";"1842217";"ABANDONO";91976720756
"apfmVn oVsTgM UIwItd";"1842217";"CONCLUÍDA";23068217539
"vOskOQ NlYCGJ lULJYW";"1842217";"ABANDONO";49971907280
"RKbUIh aVAfdr PFnuMt";"1842217";"INTEGRALIZADA";90334331639
"VvZciv dBmbaN pdVzkb";"1842217";"ABANDONO";25785921447
"EqOfkd RyXKxC RVJhlN";"1842217";"CONCLUÍDA";34813079157
"KsigXA GbEiEW kZLEVf";"1842217";"CONCLUÍDA";7824122749
"WsszMr ILmjGV HXFuNv";"1842217";"DESLIGADO";96972702773
"wodqqT XKppuw rUjlMz";"1842217";"ABANDONO";28062071172
"Batcde YwVAMp tIValG";"1842217";"ABANDONO";71104881335
"GzGZzs SvwUJH syzRHP";"1842217";"CONCLUÍDA";53230300476
"BDnoKt rYzeGn bCfTXx";"1842217";"ABANDONO";56159279995
"lvfjts ajluBX eXsvTT";"1842217";"ABANDONO";56662496883
"qabaZX bCrmxI edDCgI";"1842217";"CONCLUÍDA";42653438333
"mrMphf WQbHqN yodBNs";"1842217";"ABANDONO";50413755810
"FDzmtY ofIHDJ CtCnyp";"1842217";"CONCLUÍDA";86369553933
"owPevO pHITmg nSpHFi";"1842217";"ABANDONO";6033705264
"lkzyOf xmVGQv mXUZtF";"1842217";"ABANDONO";94602051762
"Sucdik eeuCUe QbLUds";"1938722";"ABANDONO";29044269871
"zmcFIW AbzTVE PeysRX";"1938722";"ABANDONO";44510993517
"bqlvfB HVbgDT onYCNo";"1938722";"INTEGRALIZADA";18199507411
"ZhZEUO EUuIMZ FrRrRR";"1938722";"ABANDONO";86582844683
"nrJGoH FkrpDS RCkHYY";"1938722";"CONCLUÍDA";26267268764
"zOEmAr oEHeLZ EKeqBT";"1938722";"INTEGRALIZADA";84843130718
"lygBmy CewSaR TbKYds";"1938722";"DESLIGADO";76062102283
"xxugkU BzSSjU PpXIYs";"1938722";"ABANDONO";40208372897
"NrmYxW dwIvVd kgTsas";"1938722";"ABANDONO";28942423274
"MluWHD RGDUDd tgPKeL";"1938722";"ABANDONO";20213612371
"zNknnE Rujnjv nZMaDj";"1938722";"ABANDONO";24501065411
"NRuPwz BVnTWO azxOfQ";"1938722";"ABANDONO";21791068250
"tgGAVs aPUinA PKrBrG";"1938722";"CONCLUÍDA";81144457795
"jaxxUW VoyIcD pebcQu";"1938722";"INTEGRALIZADA";54310220860
"qXWwKK smeCAu iKiZmh";"1938722";"CONCLUÍDA";4503779591
"SPGInS zQuMVV slBUwM";"1938722";"CONCLUÍDA";61032262966
"ETuhAT DNtBuj YntvEr";"1938722";"ABANDONO";91222871707
"uVcWpE mgYBrs zJzfIY";"1938722";"INTEGRALIZADA";56864975887
"zTkbsp XfoXZV QYbeHF";"1938722";"CONCLUÍDA";34859870406
"bSMIqF ftqgeU rAVsLa";"1938722";"CONCLUÍDA";73048165466
"qbFsFq WrSAEh KXgKCe";"1938722";"CONCLUÍDA";9241250657
"FvVqIx dfzlDJ UglrBw";"1938722";"INTEGRALIZADA";7923776379
"qVnWfD TbkFps yrOMfR";"1938722";"ABANDONO";34110836423
"WugUXo sFexKv sONxGV";"1938722";"INTEGRALIZADA";24650705191
"JuwKRf YkPrxH SlYtfU";"1938722";"ABANDONO";13228037438
"sFHSQl XxJSXp wxbuey";"1938722";"INTEGRALIZADA";54697243347
"eVhcus SbsHmj QbDZOQ";"1938722";"EM_CURSO";72432419933
"Jajhrp kgVEAM hzlGqi";"1938722";"ABANDONO";97992345641
"CJDdsx BppWTS cPnfsC";"1938722";"ABANDONO";61999048838
"sNIFyR PkelVO DMQfSu";"1938722";"ABANDONO";1050709668
"WkEcTm ibmdLz oUofRH";"1938722";"ABANDONO";2865505950
"rxobBs TKZUSW YNBvJZ";"1938722";"ABANDONO";54610835777
"UgNVUt fwLiMd xaoPnC";"1938722";"ABANDONO";89576105237
"DrAYhs Tfrefo UjIWkZ";"1938722";"ABANDONO";77956743883
"iuTjfo fvfWIF jswcca";"1938722";"ABANDONO";55623558802
"YxBDSD yENQRg nsrcRj";"1965103";"INTEGRALIZADA";48762049836
"gRJfxc gKBiUx ObIRhO";"1965103";"CONCLUÍDA";81782149166
"Qsodqe COForQ LNIXLK";"1965103";"ABANDONO";7153001016
"FimQVp BCihsP alpuNI";"1965103";"EM_CURSO";73007112741
"aQWwOc LpWWLG dcxgzC";"1965103";"CONCLUÍDA";46507253617
"AcyMwx yDThFE afHrVj";"1965103";"INTEGRALIZADA";5103073523
"pDUyWL GSqRAo JRdcqJ";"1965103";"CONCLUÍDA";59699047800
"DOQCET rAZBCM SMOVvG";"1965103";"CONCLUÍDA";55030203704
"zAKXke IurmDt ZaBpmd";"1965103";"CONCLUÍDA";71476430872
"kLXchg OHPlIm zbUNny";"1965103";"INTEGRALIZADA";58216634925
"Zgrzcw hnyeUw eHPJyn";"1965103";"INTEGRALIZADA";68364241111
"cXiodD dvixlr kuXuIf";"1965103";"INTEGRALIZADA";27425821233
"NYsEUv susgNR vtPPXG";"1965103";"DESLIGADO";12912722103
"GGMXFw TjIcPd uTnSBr";"1965103";"INTEGRALIZADA";58552874387
"BrUsVu dWnFIN wZvlvY";"1965103";"INTEGRALIZADA";14138739049
"xGnLvF SOHtCD iBgypH";"1965103";"ABANDONO";42278593418
"XLPfrW VndSUt DUbBkN";"1965103";"CONCLUÍDA";74614830296
"PLkxoc JUdRBJ yLUdsC";"1965103";"INTEGRALIZADA";52585731626
"PPLbqn rccEuS UbfhoK";"1965103";"INTEGRALIZADA";37114657416
"ZNMdIn IVHsNq mwffrD";"1965103";"INTEGRALIZADA";88183047852
"BCtRcD lYeUpl kqIDCa";"1965103";"ABANDONO";6010052817
"smiYwx FBPFqq mtSNYG";"1965103";"INTEGRALIZADA";3310057788
"RBJckN fZdFob RqPbwD";"1965103";"INTEGRALIZADA";1953841037
"xrAggI OipXEU wbcDNm";"1965103";"EM_CURSO";77289053913
"aMihEr bcmSVp InHgje";"1965103";"ABANDONO";12894500764
"hvagoK DLSMCF hDHegW";"1965103";"ABANDONO";44724451451
"xnPElX tavNRF bVuJfV";"1965103";"ABANDONO";10065750421
"ZdVHvY KAPHTo ooQBdy";"1965103";"ABANDONO";77709979738
"tTvjty PiVVdu vqIqqx";"1965103";"DESLIGADO";53162871489
"DpPlMb qByWvS nxDBLa";"1965103";"CONCLUÍDA";6538372929
"xQFytu mAzvtN LqmffS";"1965103";"ABANDONO";31962974437
"urhaaQ lerHNy rpgaGi";"1965103";"ABANDONO";3519004445
"PniylU JqQEAO GFbGTd";"1965103";"INTEGRALIZADA";16847760671
"mBlxmM nrhuXU lsoSPX";"1965103";"INTEGRALIZADA";82790092080
"fScAsG GLxpGC wcydpb";"1965103";"DESLIGADO";90138587649
"VzLDKC yNlTwY nHPEFt";"1965103";"CONCLUÍDA";6282898110
"FHRGss pAeYWg OxYDvW";"1965103";"INTEGRALIZADA";35641689069
"gsyDsN FHZQAu EuQsma";"1965103";"ABANDONO";54127093964
"iBBAdh WXNwro NoipEF";"1965103";"CONCLUÍDA";77245444598
"kMPxjE eyWzBg wdIoMa";"1965103";"CONCLUÍDA";64531138667
"zIztyf zPeYiw Gzcukp";"1965103";"CONCLUÍDA";55829641464
"XxPesp xNKbej ZyhFJg";"1965103";"CONCLUÍDA";64982245701
"Qhzabv wSFNNM cbSTxa";"1965103";"ABANDONO";51904875118
"sEneXO oiqGlY XXcKBe";"1965103";"ABANDONO";6382300662
"XQtIjY uqGPTa dQVAOR";"1965103";"CONCLUÍDA";42704830833
"wVXIzT nkBjAT bueCxy";"1965103";"INTEGRALIZADA";30618472594
"EKGqFr sJGLga wOljzV";"1965103";"EM_CURSO";73464767302
"eqYDtQ wbBprb rnpOoL";"1965103";"CONCLUÍDA";44167433744
"aZIPeA PZLiad cMMlMX";"1965103";"INTEGRALIZADA";68006811504
"nESPJe fJfbNJ sYxZfu";"1965103";"ABANDONO";9403754879
"VnkLGv wUvSuY KxuOmW";"1965103";"INTEGRALIZADA";86698877192
"BsaQAO oweiwh WRonou";"1965103";"CONCLUÍDA";70128370108
"mYxzYz wuhvfU jMstWJ";"1965103";"CONCLUÍDA";9461767669
"eTraod UmzWJf PScxha";"1965103";"CONCLUÍDA";41418575608
"lLzTWw bfhzqc VJBGKW";"1965103";"DESLIGADO";19295674280
"wbfSGw kJEEjW THWhvT";"1965103";"ABANDONO";49123090162
"kGtfWX ahxjzR BpsnHB";"1965103";"ABANDONO";31712235131
"cIwSmx PnAMdo SHEqhL";"1980940";"DESLIGADO";41626785056
"xiYElB kqpqki yCYJOy";"1980940";"CONCLUÍDA";42009078982
"ZlCpiz TcOjVZ gHTLaW";"1980940";"INTEGRALIZADA";38323470218
"yGCLPf PXWBIX LCyhNH";"1980940";"DESLIGADO";88105815018
"ZGqmwn QiBGZm vcUbkk";"1980940";"DESLIGADO";1676509319
"QHtpCN JYaKxE hqFOgE";"1980940";"CONCLUÍDA";43820700918
"Efbfec iBsPlP dARDuC";"1980940";"DESLIGADO";19665025667
"tkFeAN EnWmrd IwpsPY";"1980940";"ABANDONO";83074442115
"LkOvBG gwfwEN hrUAQj";"1980940";"EM_CURSO";37094942405
"xzBtsH urgJxR QvllxJ";"1980940";"ABANDONO";42259091393
"uMLLCO dxUmjg wiUbsp";"1980940";"DESLIGADO";49121742244
"xHTbXm pqXOeO DpOUVl";"1980940";"CONCLUÍDA";68353991699
"TawoAx bqACnc IbKxsK";"1980940";"ABANDONO";12721992816
"eMIFpz CcEvtt KsOfuL";"1980940";"INTEGRALIZADA";83643104700
"ctcKVO AkGick DyabEh";"1980940";"ABANDONO";34651423299
"WlNtTf lxTbHb LNtYYN";"1980940";"INTEGRALIZADA";45690699661
"zNOvrr FzovoM lRWKTU";"1980940";"CONCLUÍDA";8535338067
"tYKkEi LvVBau yXKWBV";"1980940";"DESLIGADO";64456844630
"PtLRpJ NQjeXb XsadMv";"1980940";"DESLIGADO";44617016515
"QEsEms FfOHuA SpYfSK";"1980940";"CONCLUÍDA";37508145048
"OtmYNU ntzmlB GxeoIV";"1980940";"DESLIGADO";87944830220
"gfqtKb lYsONo ycEPTe";"1980940";"DESLIGADO";93284508552
"skfoam BiOPUv suncii";"1980940";"INTEGRALIZADA";84860250158
"NJnwVW rbpzZp JhuecG";"1980940";"DESLIGADO";89329445378
"jtWvRK Teijkp okTvVo";"1980940";"CONCLUÍDA";24379147013
"VddLmw ZPheqq sQBUxF";"1980940";"CONCLUÍDA";60604367224
"tOdSum epcouD OTEIOM";"1980940";"EM_CURSO";33274874508
"zoZXXS KyNzJQ BqmCWk";"1980940";"DESLIGADO";61342145313
"lzEHma jLKpBv fneyeG";"1980940";"INTEGRALIZADA";35614605199
"LhrWYF VYlfUg sXFCWN";"1980940";"DESLIGADO";75549248603
"zAYTar HcEnUR WROydC";"1980940";"DESLIGADO";51966218277
"KZsILo vriugY zGzOXq";"1980940";"DESLIGADO";10856786764
"XVtVNk tmgpqC stFGJF";"1980940";"CONCLUÍDA";31165233459
"yxhTdO PnjrCF OPjMEg";"1980940";"CONCLUÍDA";64076605285
"uiWGFb nFZXka lQtiSN";"1980940";"ABANDONO";8266473285
"mfHoSP ZboijG KiXONL";"1980940";"CONCLUÍDA";24289571525
"LeBWfK MIyJOP kYFcvw";"1980940";"ABANDONO";3350947027
"QxQvuR yzBeht AsOvgZ";"1980940";"INTEGRALIZADA";80812148238
"fYvXgf fhfdGB kRSRAb";"1980940";"EM_CURSO";84586571371
"iKPwyQ MpBkqg ilAplD";"1980940";"EM_CURSO";47292058935
"gsISmh OHMMUF FHTcVz";"1980940";"INTEGRALIZADA";43050726026
"aOmbjb BeyOoX jBjchk";"1980940";"INTEGRALIZADA";33075435302
"jhABUg FVXDKt UxWsPo";"1980940";"EM_CURSO";83071492369
"sWpUoP TYqQQF gyPouI";"1980940";"DESLIGADO";21174276418
"YmlSdo ydOByj TheJRX";"1980940";"CONCLUÍDA";2355424839
"QqtXDz IKLKOT teTjut";"1980940";"CONCLUÍDA";2475668316
"fXoWqD cwoPQD zstRen";"1980940";"ABANDONO";19230600341
"sEZUKO eUuOJQ NgBqzD";"1980940";"CONCLUÍDA";55351298410
"KGOKZW UIIgGY ECbNxw";"1980940";"EM_CURSO";67626165276
"GxqMWe llaZel jetWWM";"1980940";"INTEGRALIZADA";78478900445
"PSfnur HMUTgP sylisv";"1980940";"EM_CURSO";84819286491
"qyTkuj pabfbD lkjobA";"1980940";"CONCLUÍDA";51455560039
"ggksrv lWGEjK wvgJhW";"1980940";"ABANDONO";26497698413
"QIaXlg WoebNM uduHvF";"1980940";"EM_CURSO";41154448521
"LjghqT DpaJFk AnceDZ";"1980940";"CONCLUÍDA";4099678030
"FeqLgE Gettob OWBUTI";"1980940";"DESLIGADO";59481421039
"tEWSnf GmiXrm pFqWAz";"1980940";"CONCLUÍDA";55736737401
"rzieHu BjrCQw bMTDlc";"1980940";"INTEGRALIZADA";62159447982
"WZGcGO GRrGmg iKLCsN";"1980940";"INTEGRALIZADA";77594472642
"vEwxnx QAiWyl OFnICR";"1980940";"INTEGRALIZADA";35875312232
"VqvlSd jbahTN qHqaws";"1980940";"INTEGRALIZADA";13217400603
"CVjmsE MeRnqE qseJsj";"1980940";"INTEGRALIZADA";85388786887
"tHFaqk SUuvqZ RLitYC";"1980940";"CONCLUÍDA";28085951908
"WbazXu uLGhLU SsjYFP";"1980940";"INTEGRALIZADA";7464548861
"QUxqmu cPGPZM BQsjig";"1980940";"INTEGRALIZADA";54282748211
"HujxaR lzqCrv tYvZAf";"1980940";"DESLIGADO";68169386331
"iaYWul GpWaXc FfTtRw";"1980940";"CONCLUÍDA";77653260415
"zgUagE TgajYN FFUkpQ";"1980940";"EM_CURSO";34221474486
"SwoRjQ TtRlvx ZBaYso";"1980940";"DESLIGADO";31125872074
"sYjFtd ehSZpt nbvWMx";"1980940";"DESLIGADO";57541815273
"ZwnwAT RxYHqG SFSrwr";"1980940";"CONCLUÍDA";80435901673
"yEGbsM yaqllq YZBjPb";"1980940";"INTEGRALIZADA";53705068160
"XoIcei wlefwy cvKtUi";"1980940";"INTEGRALIZADA";65195920442
"QNBfyp fFlyDJ fgXbVm";"1980940";"INTEGRALIZADA";17003588868
"wiIbwT znECbW eVdzdT";"1980940";"DESLIGADO";21274905870
"ZtaKfr whWOOS WNafzM";"1980940";"ABANDONO";57249920149
"UIAzZe isfAeK esoZHg";"1980940";"EM_CURSO";74045950714
"xhMBwG ZCQzWk clEDAk";"1980940";"ABANDONO";74555952705
"LxUrIJ qvueVp UPSpJv";"1998276";"ABANDONO";9756834681
"hYcQTm lWPsBj ZNDkXV";"1998276";"ABANDONO";96908702180
"oPzqeZ xZvkcT oWwdGv";"1998276";"ABANDONO";52506869849
"rGFJof MoSepV WLKAOg";"1998276";"DESLIGADO";28632236135
"xYcWRj fBbbvZ wcLrOn";"1998276";"EM_CURSO";37052919931
"OFUDbH qeFKoi cOdHsK";"1998276";"CONCLUÍDA";6422566782
"HAylml qtSfjb iPswoG";"1998276";"CONCLUÍDA";74151311262
"QNCHiI jTGoul ekFzAC";"1998276";"ABANDONO";12180615005
"GVMkIe nTxIvm ePOung";"1998276";"INTEGRALIZADA";47586786061
"OMksXG TrrdwJ pPmnuE";"1998276";"INTEGRALIZADA";90509334583
"afGcPb kUMaSH yDcWML";"1998276";"INTEGRALIZADA";21442194886
"nsKYHE EJFeHA pNLJSq";"1998276";"ABANDONO";78460040460
"VokWfP hffKzo NTLSse";"1998276";"ABANDONO";77688225990
"uvaZvf iMSZyg raMGBX";"1998276";"ABANDONO";613543357
"AsbTNU VgUDbI pVmahz";"1998276";"ABANDONO";50786154217
"YhJLmc MradzB ORBnFh";"1998276";"CONCLUÍDA";24159286487
"niymeD uuEvqF HewglS";"1998276";"INTEGRALIZADA";76250050391
"uEzJYZ xaDyUp eAEKBp";"1998276";"EM_CURSO";23785472698
"RujwRD TnDPXQ Vklpus";"1998276";"ABANDONO";14189179728
"YgqiCO dFfNaM OoNHzX";"1998276";"EM_CURSO";455323553
"NdyjyR lovnTn MsQHYs";"1998276";"DESLIGADO";55790319328
"cYODnc WtafUa CUoWmo";"1998276";"INTEGRALIZADA";9673200389
"cWoZMi FZkSQd MlGcMV";"1998276";"ABANDONO";88074880463
"Piqenj zcafHy ARrFpy";"1998276";"EM_CURSO";72774707766
"lpWpje mzJZpM LLrxDw";"1998276";"DESLIGADO";75395941477
"cLqkcV bGDiTC giJinC";"1998276";"EM_CURSO";41756005853
"hAocGZ rdnOLs oZYzyk";"1998276";"EM_CURSO";19478119535
"RSOyGL qHiRRI jfWutb";"1998276";"ABANDONO";15739301443
"iffBHy Qibblu BFNmvB";"1998276";"CONCLUÍDA";51378358797
"Xywfjr fAptgt BSUXLW";"1998276";"EM_CURSO";7616885984
"rGpUqO nEmSFI mfqqrl";"1998276";"DESLIGADO";93942777871
"UrDMXM vCuPSg XDEXjk";"1998276";"EM_CURSO";51900968778
"ciADKn ywaCuQ ZUhOVI";"1998276";"INTEGRALIZADA";89096613016
"oXEeDX WZzHbH osBEgZ";"1998276";"ABANDONO";65318088477
"jaxPER Lrvmug RZjoGo";"1998276";"INTEGRALIZADA";90080123766
"WToicf fKCsFj NMytav";"1998276";"EM_CURSO";38135560245
"cZBnVV LOxKVq oMniwm";"1998276";"EM_CURSO";67238528567
"FQRLAj zflAVz mIdwTM";"1998276";"INTEGRALIZADA";79830663206
"PTbezH PLlPBC FYZlUy";"1998276";"ABANDONO";3333709350
"ehGplC Gnscmx MRCRUJ";"1998276";"ABANDONO";20511437316
"PWzpKC SaeaVL gEttfj";"1998276";"CONCLUÍDA";14215362118
"lgOvwm BbhznF aVyByD";"1998276";"EM_CURSO";82256797185
"HOSZZD uEmQOu AFxJyz";"1998276";"DESLIGADO";88540857242
"GMLfhv RLvard XdNjus";"1998276";"EM_CURSO";53131503744
"rJcqBc JwybrU UBjJtz";"1998276";"INTEGRALIZADA";79156896129
"yTuVeG qtZYvL rNuxGq";"1998276";"INTEGRALIZADA";43989655917
"xNPpzL mNaONe QkLApf";"1998276";"DESLIGADO";89219689140
"jdZneV wjnsKH LEfjCl";"1998276";"EM_CURSO";83085576522
"sfxjeG Ysdnhx IXPSej";"1998276";"CONCLUÍDA";18937543863
"USndzB LuxYhT ibTaPb";"1998276";"CONCLUÍDA";66635114219
"JXYvrh Yypoxm QBKkoZ";"1998276";"DESLIGADO";89137901938
"ifFAOS fGvpNP iapORI";"1998276";"ABANDONO";3997438607
NA;NA;NA;25469940225
"CJSQtJ pTEncz hKKaYC";"1998276";"INTEGRALIZADA";43264443966
"NsBqbM XkwNsP LuVwVH";"1998276";"EM_CURSO";1051709682
"THJsug DXibPv TFRMIT";"1998276";"INTEGRALIZADA";4713181866
"OjsOta bTBtCR fEcFSS";"1998276";"DESLIGADO";91117340806
"UQDJXy dISjnC tSBCFc";"1998276";"CONCLUÍDA";22985817970
"ZdcZzq GCmlWJ ELzuZH";"1998276";"DESLIGADO";17519770709
"ZrpuKJ mPcjxw kSVooP";"1998276";"CONCLUÍDA";39557990979
"mLPdpK SFyzUt XugHWH";"1998276";"ABANDONO";41096702302
"KOuELQ RLBUjA qGXDIJ";"1998276";"INTEGRALIZADA";67373036226
"KcEmtU pxDzxw mGtQOP";"1998276";"CONCLUÍDA";41357502048
"IYXIbQ jVIPSx zvjGQW";"1998276";"ABANDONO";23541447854
"ioUvwL BYKTkH hjSTwO";"1998276";"DESLIGADO";58946088955
"OiMWkJ NbIczY kcaTPW";"1998276";"CONCLUÍDA";74782688458
"ksjCYR SviPwz FusfCX";"1998276";"CONCLUÍDA";10575691030
"nqtOWd vHErgx upQtWz";"1998276";"EM_CURSO";96218687192
"YPrlJf YPGPbG ZutXRK";"1998276";"DESLIGADO";55387443591
"jVvRBv qOsurf CldHDW";"1998276";"INTEGRALIZADA";27151471428
"kJoEro jBmrqn kdoqaA";"1998276";"CONCLUÍDA";27294013511
"DRNAoU HJAUKR hewkiX";"1998276";"INTEGRALIZADA";46874301801
"TATuPG tSnXGq ziAQlu";"1998276";"ABANDONO";54890017223
"KqbFOW rGLPmz ewoNiB";"2022768";"ABANDONO";90940418356
"uDsERZ Pyutwk alxliK";"2022768";"EM_CURSO";56500721546
"pYiyeN ybCgtD xIpKFh";"2022768";"ABANDONO";20112919265
"gZInIS BOqVNz gqMjQn";"2022768";"ABANDONO";9764674539
"LTphtq UVyFas GfgCde";"2022768";"ABANDONO";58885816679
"stCbOp HBUKbM aBJAJs";"2022768";"CONCLUÍDA";95021795213
"csESIb IwwfCx ChtxpB";"2022768";"EM_CURSO";13348004660
"uhfKOO YqTPzG zIGHWy";"2022768";"CONCLUÍDA";69619775268
"dvwcYN IpzxYj JyjsOo";"2022768";"ABANDONO";47615486335
"kncuXc YtGnpQ xAVsfx";"2022768";"EM_CURSO";49848319808
"QGxkdi DvfFPY DLLydo";"2022768";"CONCLUÍDA";2164121090
"KgaYEE jJwxxm iBULie";"2022768";"EM_CURSO";4132333121
"rtECCc qwckvd yFSThq";"2022768";"INTEGRALIZADA";29015556983
"WmlVbF iGZmsq Hsujxe";"2022768";"EM_CURSO";7929409253
"lZaZlc UtMBVq qTPtSo";"2022768";"INTEGRALIZADA";97988072530
"fNxhAo VDehum MENqqk";"2022768";"ABANDONO";90495943017
"CCXtcf Azdxau NvsfZq";"2022768";"INTEGRALIZADA";91244789260
"WDMEQS EoTFpL szBQvu";"2022768";"INTEGRALIZADA";54254739735
"cJymTw hhLaUT FAmCgz";"2022768";"CONCLUÍDA";53368965036
"HpkCVw ylSQaX lAWWDO";"2022768";"ABANDONO";11603706586
"AGfQJv QvSoJc xIWiHV";"2022768";"ABANDONO";27597181581
"AZFOkP JeuQca OeHXhd";"2022768";"INTEGRALIZADA";25721019752
"qTiFDz goSIRw TLDofn";"2022768";"ABANDONO";44656541093
"kbXeFY ODTFwf cckggQ";"2022768";"ABANDONO";56744018530
"mquqmg WbYbaf SMBqPD";"2022768";"EM_CURSO";52641935008
"qxTmlo HtvgnP Levoif";"2022768";"EM_CURSO";74840964774
"tISGPB RtNxCq YCHfzS";"2022768";"EM_CURSO";95217467171
"Obnuuc uOkRfe bjwmoI";"2022768";"DESLIGADO";91940419703
"KdwELs zliLJF wXGmiP";"2022768";"ABANDONO";77797738901
"uxRxtZ WjlXRE xmborn";"2022768";"ABANDONO";43741632285
"gQzvKM xXreRN oQzgfd";"2022768";"DESLIGADO";18976618730
"zxWvsf Nmgeuv gDBWFQ";"2022768";"ABANDONO";87929376680
"iJGowI HdNyMS LJfAMN";"2022768";"ABANDONO";53810948920
"rcSEUv eHUUwl VwXrAF";"2022768";"INTEGRALIZADA";19167694590
"hlOYUs oRIKoC nGvwFk";"2022768";"EM_CURSO";34450744464
"AWHeqj Ioxhev bPvcJp";"2022768";"CONCLUÍDA";34635440484
"pZvyTb zTuMaC hymFAd";"2022768";"INTEGRALIZADA";61065886738
"ltBITA SsILEB sImZra";"2022768";"CONCLUÍDA";79360679190
"ZTtuJj facIhy ARrQFR";"2022768";"CONCLUÍDA";48774073385
"vAtxoW xMCLJl DinIou";"2022768";"CONCLUÍDA";36633499274
"FHcMrx CEPRDy FwgxIO";"2022768";"EM_CURSO";79512006919
"AAfOst gIoaww jkpFCY";"2022768";"ABANDONO";21474055534
"YajTyI lPEVvX QlLOiU";"2022768";"ABANDONO";48838308958
"sNbxBd mpKEBs pmjnqT";"2022768";"CONCLUÍDA";7750962000
"vAdbFd PPiKVX vSfHnN";"2022768";"ABANDONO";1140583375
"nxVyPL CQPfGV UbKOrR";"2022768";"EM_CURSO";11581072746
"yoFcnc VhLLVm ZchXwF";"2022768";"ABANDONO";36773562710
"iwCDLo UKLTmw ncWtUu";"2022768";"DESLIGADO";32889414906
"KoIpTQ KiSEGL lokCyA";"2022768";"DESLIGADO";91205141663
"sXaiHW ERTnPa XyOVga";"2022768";"ABANDONO";95625602086
"QUiyyY pvUSoz ShtFVt";"2022768";"DESLIGADO";87594235104
"cdDGZr wPctrI whdKXU";"2022768";"ABANDONO";8131435631
"CdpdIT fAbQCu NoSAWb";"2022768";"INTEGRALIZADA";35578591213
"iXvNgZ vuTHwO gdUDpU";"2022768";"DESLIGADO";78519666250
"YPtlJq nvaOSZ RgNDKC";"2022768";"EM_CURSO";3992589887
"BlbAYu dHHkVR poxILh";"2022768";"EM_CURSO";14162799430
"qlAtSe cEUqfx VoxKAD";"2022768";"CONCLUÍDA";52965850478
"kjyjuY IaRUyI WiAUcb";"2022768";"EM_CURSO";84346711113
"xfcKRM tsAIlz LcRcUq";"2022768";"INTEGRALIZADA";86258865583
"DgDcrp UmyfHo Uupkor";"2022768";"ABANDONO";23974880504
"QhDgZz wFBdvA CLxFDd";"2022768";"ABANDONO";45756929014
"BWHUeX igcfYB gHUEms";"2022768";"ABANDONO";20483582062
"uPEHFN IfMklF nkxPKS";"2022768";"ABANDONO";81048133986
"PcsiuG ModZaS Ozoknv";"2022768";"ABANDONO";772489941
"tAdpsz zqnbrA giwlaL";"2022768";"CONCLUÍDA";31865105920
"gNkbZC mEKhcg taLRGX";"2022768";"EM_CURSO";49582954055
"cWmoUM JmUvtO iwPfnF";"2022768";"ABANDONO";84649085653
"hMrqca LVoXmz mlVmvu";"2022768";"EM_CURSO";55409214865
"tKuPgf YhUkWI LWGRcm";"2022768";"INTEGRALIZADA";47250549953
"szSpbq aHKJih HqRmSn";"2022768";"ABANDONO";40970292821
"mYlmDo kWtAJG eYdBck";"2022768";"DESLIGADO";49867778577
"lKVlFD mYBjdF ILCbjt";"2022768";"CONCLUÍDA";88591035655
"otRWhJ CsDXmP DMceXC";"2022768";"EM_CURSO";87958834010
"ueZfYu PelQIJ uSVVtp";"2102961";"CONCLUÍDA";91990917637
"nxIqNg GIzVBA FYDVkX";"2102961";"INTEGRALIZADA";70131408892
"UVaIDK CejXUZ XdzgSJ";"2102961";"CONCLUÍDA";63876036009
"LznCQg ePHwwj zrOvUe";"2102961";"EM_CURSO";70960879100
"cPPsFY nsQVui TXjFmm";"2102961";"CONCLUÍDA";18597269589
"BZQAXg oyfoGL cittva";"2102961";"ABANDONO";61466893348
"HRwayg oHsDbE cwlLDz";"2102961";"CONCLUÍDA";73542637827
"dWFXys VVaARK fJtEFT";"2102961";"INTEGRALIZADA";64833902880
"rRSEHb wDMHaP GfTYZV";"2102961";"EM_CURSO";60160665661
"qLnXxe qDAShT umZpko";"2102961";"INTEGRALIZADA";91163605088
"MFHhyA pGbxlG ZTuUEA";"2102961";"EM_CURSO";13366511618
"ATLBOx mMVnvE JSiKUi";"2102961";"EM_CURSO";46458679058
"GzIpWk wQVnOS fwyiIM";"2102961";"CONCLUÍDA";29654231866
"jSuJYO SbMVIf zeJrSJ";"2102961";"CONCLUÍDA";75718565878
"oKOQbe dtNTqr FbNanH";"2102961";"ABANDONO";7194694004
"aqFAMj pwlwqs UEUMnD";"2102961";"EM_CURSO";33959337990
"junhxV npmopA YUeOzq";"2102961";"EM_CURSO";97218896884
"NsXqqz dzIZTe uFMJvx";"2102961";"ABANDONO";20395912254
"YfHlNv EMOOPY fuycHN";"2102961";"ABANDONO";46206276322
"UKwvYp UmydsT LzojmS";"2102961";"INTEGRALIZADA";53955396230
"wsmvXr XAQUHM cjYkYs";"2102961";"EM_CURSO";73394146347
"ZjdqxG FkgzqU yDDlnc";"2102961";"EM_CURSO";70676880587
"DtHBJC bAJaAR UzZHIe";"2102961";"INTEGRALIZADA";59966179722
"xESiju vrdvoR zedUmx";"2102961";"INTEGRALIZADA";75765948406
"cdMIvO dqBdta rWYeXk";"2102961";"EM_CURSO";17420137663
"SYCMkw arTkER OTGZHc";"2102961";"CONCLUÍDA";32434008399
"YtIyXq BAuGSX qmwCNX";"2102961";"ABANDONO";64585564096
"EDVBpR yvgIjy mHJhWn";"2102961";"CONCLUÍDA";93808229719
"bviFmx yjaLkM hKtKLi";"2102961";"CONCLUÍDA";57605857658
"FPjmfk HYNrOX IsmrxC";"2102961";"ABANDONO";66096617286
"SKDxYY mQTsWy jlJFiT";"2102961";"EM_CURSO";16395188071
"wfjYPT XVhtKc OwBlJd";"2102961";"CONCLUÍDA";85087291815
"JnGAbK oCjApB fetCit";"2102961";"INTEGRALIZADA";14467334882
"bkdpWd THLeku lJEGAg";"2102961";"INTEGRALIZADA";50535134852
"SKXguN qArQMx Atseok";"2102961";"INTEGRALIZADA";79665133426
"IdxcnF NSFAdF MFQmeO";"2102961";"EM_CURSO";45461258072
"zTAWqx nCTEAQ hvYobQ";"2102961";"ABANDONO";59705816076
"xugxVo eLrNYE simGyK";"2102961";"EM_CURSO";64090226097
"kzEkwp vIbGNu PddNVW";"2102961";"INTEGRALIZADA";7880869560
"FfbSEf KJzSjE JqCvbR";"2102961";"EM_CURSO";16347550088
"sDPIeW PWzawt EFBbyU";"2102961";"EM_CURSO";36107251854
"BXrsOA zdyyMZ TyWUTg";"2102961";"INTEGRALIZADA";98057180357
"mhKCte lcvwZD qsjnFd";"2102961";"INTEGRALIZADA";34612356049
"fOBrGe XbynbN BofipU";"2102961";"INTEGRALIZADA";57098008436
"RFKxpw CdVHGW iImFbL";"2102961";"ABANDONO";21381646588
"xUocCB NHEPtK PetOcC";"2102961";"CONCLUÍDA";98913918562
"lmVsac HPiwfE GQqIcK";"2102961";"CONCLUÍDA";13929920399
"HPyQRN EPmDoM CATIAa";"2102961";"INTEGRALIZADA";73531693618
"RvIhdf aAwOav SIPTkG";"2102961";"INTEGRALIZADA";80137010415
"urgOwh NgEinV PeNwGY";"2102961";"EM_CURSO";10336628373
"apLlVo JTgNlW wURTLx";"2102961";"CONCLUÍDA";72831810764
"IQixmp Bemkma PkkRtH";"2102961";"INTEGRALIZADA";93387264739
"fmwDSn bhHgne higsvB";"2102961";"INTEGRALIZADA";56382898620
"elSBfl UoxIyU AcBJsj";"2102961";"EM_CURSO";44929924014
"DQWzFl qEvewF nUGicA";"2102961";"EM_CURSO";77683514797
"cVdIMU fGqNxa VkrEDe";"2102961";"ABANDONO";80265211671
"OhrwVf iwlyZT cKofHx";"2102961";"CONCLUÍDA";20406661217
"pIJbmm wCzlUs BiJOzL";"2102961";"ABANDONO";27412650397
"yszGeP LazAab GerVek";"2102961";"INTEGRALIZADA";80312611798
"aUgGdY RAcDIW fBYGxr";"2102961";"CONCLUÍDA";49114254392
"CMTQhZ hhsbUr nMKYqq";"2102961";"ABANDONO";61509926446
"xOdTFg SvZlnM TqcYLC";"521784";"ABANDONO";2328749255
"iSihnv TMJJCQ ErlKER";"1998276";"EM_CURSO";27989301722
"sKKEgK LAKwwV zObDFe";"1252033";"CONCLUÍDA";41227141817
"qSBebL sMlJKa KGbcJq";"1252033";"CONCLUÍDA";28230934840
"ejNGks hxephj XNEOAM";"1252033";"CONCLUÍDA";14483550186
"wvFHyk ZVLIsB EXmmpy";"1252033";"CONCLUÍDA";88847617855
"CXCCCQ USwYOf SkFjTa";"1252033";"CONCLUÍDA";75514095015
"oDKxBA WiFjzS ydNtGi";"1252033";"ABANDONO";37779856374
"AxYRmg SKSdjP nChOIC";"1252033";"CONCLUÍDA";35968940921
"bSzBWN QqysbO rOSFAn";"1252033";"CONCLUÍDA";61751561265
"EvfwLn dpKKto KbShtZ";"1252033";"DESLIGADO";43203734181
"FhnloT bixgXz TPDAYi";"1252033";"DESLIGADO";75121591785
"tISIyW YGVGGe HpssSQ";"1252033";"DESLIGADO";65674044200
"VPrFVn YlMGcn VSmExh";"1252033";"CONCLUÍDA";65085762558
"TbdfaY erlvHF IHKimc";"1252033";"DESLIGADO";7764772833
"iMKuCI jGmLuz RSazxo";"1252033";"CONCLUÍDA";72001467213
"zWbWbd DflLLp khwXvw";"1252033";"CONCLUÍDA";40905587612
"SqzQNx pcmLCu JTWVwU";"1252033";"CONCLUÍDA";45650000623
"cFdOkx kdsmoL zBphBN";"1252033";"CONCLUÍDA";40672241079
"gCzgLd NonpxC HAqcIA";"1252033";"CONCLUÍDA";14958340866
"YwZzgB TGFssJ oThRsS";"1252033";"CONCLUÍDA";50729682507
"phmVgE hTnBWx TgeiRk";"1252033";"CONCLUÍDA";95286160197
"gRTuCB CebPGV dgHfHB";"1252033";"CONCLUÍDA";36077609656
"izvhpb VVBmyn HGEklV";"1252033";"CONCLUÍDA";77751547501
"ClbBvz jtWjtY xJWCRS";"1252033";"CONCLUÍDA";47368368773
"UFarow RUAjwf cMdWmp";"1252033";"CONCLUÍDA";44235667699
"JAYpsV WIpsqD bzRjuY";"1252033";"ABANDONO";32916327764
"bseDAc rPWBiV HsVDbW";"1252033";"ABANDONO";59408270337
"YUPLAt gwQYdo otShfp";"1252033";"ABANDONO";19567585200
"Gwlmwm ItVnZF BBNnBc";"1252033";"ABANDONO";31355939760
"BjkPGX KIfxxZ uWtZAD";"1252033";"ABANDONO";1146252795
"lDdaZS XBCIZo lDeZcW";"1252033";"ABANDONO";28307032328
"qRmMwO fHdITA LQLslx";"1252033";"ABANDONO";51049460629
"oYBJVc HTZGLG xezAEe";"1252033";"ABANDONO";37355159997
"iiEZrU xOUURa yFYdDA";"1252033";"ABANDONO";30614604432
"zIFtJb VTAePw CaxLEI";"1252033";"ABANDONO";14938146868
"YSTIEr KMKWHy Emngtt";"1252033";"ABANDONO";21897284176
"rzLaXD wdDeqB CHqivc";"1252033";"ABANDONO";95180729838
"oXMnaQ OWSjTy kBqtoN";"1252033";"ABANDONO";18697424186
"FjXQpg DlqjEU FOPhyv";"1252033";"ABANDONO";71369872652
"WMZvMN tQDjQm BVHaqd";"1252033";"ABANDONO";37381183768
"SHvNnE YxvFcp KYZFIY";"1252033";"ABANDONO";61549172818
"WqixiW fRfbAN tPdfrd";"1252033";"ABANDONO";58002153609
"HKSnsT fhkkyL BgOaNE";"1252033";"ABANDONO";21521421652
"XkmObo uuiAQk hgKvuI";"1252033";"ABANDONO";29521192468
"hZNlJQ lgXCbk LxLlvp";"1252033";"ABANDONO";27070352958
"tqZVIA hhQsRn AQIqtZ";"1252033";"ABANDONO";61713849527
"AJtQaJ iirKKe MaxFvv";"1252033";"ABANDONO";71252509086
"EcsnSB tnwUWP QvsVFJ";"1252033";"ABANDONO";71050675410
"SPkXXJ oUsJEM UHfjTw";"1252033";"ABANDONO";44898194526
"joKnyC wttqpD oITpyT";"1252033";"CONCLUÍDA";35096393914
"cjdMtb nwyZyC xHojHn";"1252033";"CONCLUÍDA";21742237188
"gIYbLq nHHYLy UmjbsB";"1252033";"CONCLUÍDA";18691327209
"qKqopG pjvycF ybMZPs";"1252033";"ABANDONO";4823331554
"eoVVoM wDcbXa fgeVgu";"1252033";"ABANDONO";60397037686
"CZmWRq ShRvqZ YdLxSV";"1252033";"CONCLUÍDA";23448548414
"FlCQYV OxXxJJ zYiski";"1252033";"CONCLUÍDA";90434092890
"RuAZSw tMxDjU bHGPKX";"1252033";"CONCLUÍDA";852099208
"WOAzmN HprfpW NfifBK";"1252033";"CONCLUÍDA";65578895486
"JYabgW ipGaRW mqCSHN";"1252033";"CONCLUÍDA";16048990667
"gnizdA DHWDfJ kmXQkk";"1252033";"CONCLUÍDA";16856590143
"iObhbR aghxRR oKelam";"1252033";"CONCLUÍDA";35312321565
"naAAfl gKnMzT vVAjAp";"1252033";"ABANDONO";97013459338
"IAWjKW ffpwQD UzdrOA";"1252033";"ABANDONO";3935556987
"CkIsrC FdGmns SkVZcy";"1252033";"ABANDONO";6760925298
"vESmgK MRxoIo pBpSVZ";"1252033";"ABANDONO";36086247872
"xWAVuV UneiEj IBplym";"1252033";"ABANDONO";63618598867
"WSdvjy ahnWSk aTocRF";"1252033";"ABANDONO";2535482270
"mbSUay TuZRhz UhhmGW";"1252033";"ABANDONO";4758113631
"NcEITr BDLkQn XVxMTx";"1252033";"ABANDONO";98225845360
"aoDFjH wcwYwR zUdiFc";"1252033";"ABANDONO";7907177874
"PuhZVJ BqEkIk cSfsOC";"1252033";"ABANDONO";703773413
"xbfjoX pWHbET DQYtuy";"1252033";"ABANDONO";57519944935
"LiHcCx WIdYvG TBGZnh";"1252033";"ABANDONO";62885742442
"QhQCfs gqRqDb aymqGU";"1252033";"ABANDONO";25071442904
"hufEqO XDsEoA SKkhYp";"1252033";"ABANDONO";18819173336
"vXEodH sYjZKD rNUICJ";"1252033";"ABANDONO";38932172456
"wqBEpb SGgfhS ucRAXb";"1252033";"ABANDONO";55359359305
"oVbxlQ YhxGRD wRHZMg";"1252033";"ABANDONO";50063805826
"GcwgIB FAMCei LlzUze";"1252033";"ABANDONO";52348595917
"tRaxAq bEqtwX wxbHfQ";"1252033";"ABANDONO";78372285852
"aQbaeN asfgNj OojJYS";"1252033";"ABANDONO";72736497802
"NHWVYN BAKvQw WpgTXv";"1252033";"DESLIGADO";64925763181
"pXyUVv mcbBfr aFfDeM";"1938722";"CONCLUÍDA";98561869135
